{"stats":{"minecraft:picked_up":{"luminousworld:savannah_ground":1,"born_in_chaos_v1:corpse_maggot":2,"luminousworld:groundpebbles_1":1,"minecraft:crafting_table":1,"ecologics:walnut":3,"minecraft:wheat":3,"born_in_chaos_v1:monster_flesh":1,"gravestone:obituary":2,"alexsmobs:cooked_kangaroo_meat":2,"alexsmobs:gazelle_horn":2,"minecraft:dirt":17,"minecraft:iron_axe":1,"born_in_chaos_v1:monster_skin":1,"born_in_chaos_v1:intoxicating_decoction":2,"minecraft:bone":5,"ecologics:walnut_sapling":3,"minecraft:wheat_seeds":7,"alexsmobs:emu_feather":2,"luminousworld:elephant_grass":6,"minecraft:stick":1,"ecologics:walnut_log":3,"minecraft:torch":1,"minecraft:acacia_log":8,"minecraft:dripstone_block":1,"luminousworld:sunset_petunias":1,"luminousworld:savannah_soil":4,"born_in_chaos_v1:pieceofdarkmetal":4,"minecraft:stone_sword":2,"luminousworld:grassflowers":3,"alexsmobs:kangaroo_hide":2,"minecraft:arrow":4,"minecraft:rotten_flesh":11,"luminousworld:yellowpetunias":2,"born_in_chaos_v1:rotten_fish":1,"minecraft:black_wool":1,"minecraft:mutton":5,"minecraft:coal":29,"alexsmobs:kangaroo_meat":1,"minecraft:white_wool":2,"minecraft:cobblestone":88},"minecraft:used":{"minecraft:stone_sword":43,"minecraft:stone_pickaxe":103,"minecraft:oak_planks":13,"minecraft:wooden_pickaxe":4,"luminousworld:yellowpetunias":2,"minecraft:torch":4,"minecraft:dirt":2,"minecraft:mutton":2,"minecraft:crafting_table":1,"alexsmobs:cooked_kangaroo_meat":3,"minecraft:carrot":1,"minecraft:iron_axe":67,"minecraft:wooden_sword":28,"minecraft:cobblestone":19,"minecraft:furnace":1,"ecologics:walnut":3,"minecraft:pumpkin_pie":3,"minecraft:beetroot":10},"minecraft:mined":{"luminousworld:savannah_soil":5,"luminousworld:groundpebbles_1":1,"minecraft:acacia_leaves":2,"minecraft:powder_snow":2,"minecraft:crafting_table":1,"gravestone:gravestone":6,"luminousworld:savannah_grass_1":4,"minecraft:acacia_log":8,"minecraft:grass_block":2,"ecologics:walnut_leaves":6,"luminousworld:grassvariant_2":1,"minecraft:tall_grass":5,"minecraft:cobblestone":3,"minecraft:wall_torch":1,"luminousworld:savanna_grass_2":3,"minecraft:grass":4,"minecraft:coal_ore":29,"minecraft:dripstone_block":1,"minecraft:dirt":1,"luminousworld:grassvariant_3":2,"ecologics:walnut_log":3,"minecraft:stone":71,"luminousworld:elephant_grass":6,"luminousworld:savannah_grass_4":3,"minecraft:oak_leaves":7,"luminousworld:savannah_ground":2},"minecraft:broken":{"minecraft:stone_pickaxe":1},"minecraft:dropped":{"minecraft:stone_sword":2,"luminousworld:white_petunias":1,"minecraft:cobblestone":16,"minecraft:prismarine_crystals":2,"minecraft:scute":1,"alexsmobs:cooked_kangaroo_meat":1,"luminousworld:grassflowers":1,"luminousworld:groundpebbles_1":1,"born_in_chaos_v1:fused_bone":1,"gravestone:obituary":14,"luminousworld:elephant_grass":6},"minecraft:crafted":{"minecraft:wooden_sword":1,"ecologics:walnut_planks":12,"alexsmobs:cooked_kangaroo_meat":2,"minecraft:furnace":1,"minecraft:air":0,"minecraft:stick":4,"minecraft:stone_sword":1,"minecraft:torch":8},"minecraft:custom":{"minecraft:mob_kills":28,"minecraft:interact_with_crafting_table":8,"minecraft:open_barrel":3,"minecraft:damage_dealt_resisted":72,"minecraft:leave_game":6,"minecraft:time_since_death":490,"minecraft:time_since_rest":523,"minecraft:sprint_one_cm":144655,"minecraft:damage_taken":3002,"minecraft:walk_one_cm":186995,"minecraft:drop":31,"minecraft:damage_dealt":4840,"minecraft:swim_one_cm":11197,"minecraft:fly_one_cm":178803,"minecraft:player_kills":1,"minecraft:play_time":64432,"minecraft:crouch_one_cm":3018,"minecraft:sneak_time":1668,"minecraft:deaths":9,"minecraft:walk_under_water_one_cm":1940,"minecraft:jump":1090,"minecraft:interact_with_blast_furnace":2,"minecraft:walk_on_water_one_cm":797,"minecraft:total_world_time":64432,"minecraft:fall_one_cm":33112,"minecraft:interact_with_furnace":12},"minecraft:killed":{"born_in_chaos_v1:zombie_clown":1,"born_in_chaos_v1:fallen_chaos_knight":1,"born_in_chaos_v1:spirit_guide":1,"undead_revamp2:thehunter":1,"born_in_chaos_v1:spirit_guide_assistant":2,"alexsmobs:seal":1,"undead_revamp2:thesmoker":1,"born_in_chaos_v1:maggot":1,"minecraft:sheep":3,"minecraft:skeleton":2,"born_in_chaos_v1:bloody_gadfly":1,"iceandfire:ghost":1,"born_in_chaos_v1:dread_hound":1,"alexsmobs:terrapin":1,"alexsmobs:gazelle":3,"luminousworld:monarch":1,"born_in_chaos_v1:corpse_fish":1,"creeperoverhaul:savannah_creeper":1,"luminousworld:savannah_zombie":2,"alexsmobs:kangaroo":2},"minecraft:killed_by":{"minecraft:husk":1,"minecraft:player":1,"minecraft:skeleton":3,"minecraft:creeper":1,"minecraft:spider":1,"iceandfire:ghost":1,"born_in_chaos_v1:dread_hound":1}},"DataVersion":3465}