{"stats":{"minecraft:dropped":{"minecraft:iron_sword":3,"luminousworld:white_petunias":1,"minecraft:scute":1,"minecraft:leather":2,"minecraft:dirt":1,"minecraft:chain":2,"gravestone:obituary":109,"minecraft:iron_pickaxe":1,"minecraft:sugar":2,"undead_revamp2:blacpetalblock":1,"cannibal:bone_mask":1,"minecraft:bone":1,"minecraft:gravel":2,"alexsmobs:gazelle_horn":1,"undead_revamp2:arapholia":3,"minecraft:rotten_flesh":22,"luminousworld:tall_deadbush":5,"luminousworld:grassflowers":1,"minecraft:skeleton_skull":1,"minecraft:beef":1,"iceandfire:manuscript":3,"minecraft:bread":11,"luminousworld:sunset_petunias":1,"minecraft:wheat_seeds":2,"minecraft:cobblestone":16,"minecraft:feather":2,"minecraft:prismarine_crystals":2,"minecraft:stick":5,"born_in_chaos_v1:fused_bone":1,"minecraft:potion":1,"minecraft:wither_rose":2,"minecraft:stone_sword":2,"alexsmobs:cooked_kangaroo_meat":1,"ecologics:walnut":4,"luminousworld:groundpebbles_1":1,"luminousworld:elephant_grass":14,"minecraft:wooden_pickaxe":1},"minecraft:custom":{"minecraft:interact_with_crafting_table":52,"minecraft:open_barrel":9,"minecraft:eat_cake_slice":8,"minecraft:leave_game":21,"minecraft:time_since_death":268,"minecraft:sprint_one_cm":1128975,"minecraft:damage_blocked_by_shield":6228,"minecraft:drop":205,"minecraft:play_time":432636,"minecraft:deaths":60,"minecraft:jump":7941,"minecraft:walk_on_water_one_cm":43490,"minecraft:interact_with_furnace":64,"minecraft:sleep_in_bed":3,"minecraft:damage_dealt":36170,"minecraft:player_kills":2,"minecraft:crouch_one_cm":12230,"minecraft:mob_kills":183,"minecraft:damage_dealt_resisted":1473,"minecraft:climb_one_cm":13032,"minecraft:walk_one_cm":1095328,"minecraft:damage_dealt_absorbed":8,"minecraft:sneak_time":8345,"minecraft:walk_under_water_one_cm":16925,"minecraft:interact_with_blast_furnace":4,"minecraft:total_world_time":432636,"minecraft:time_since_rest":378,"minecraft:damage_taken":27999,"minecraft:damage_absorbed":40,"minecraft:trigger_trapped_chest":2,"minecraft:swim_one_cm":26384,"minecraft:fly_one_cm":1523976,"minecraft:open_chest":126,"minecraft:fall_one_cm":297623},"minecraft:killed_by":{"undead_revamp2:thewolf":1,"undead_revamp2:sucker":6,"undead_revamp2:the_moonflower":3,"born_in_chaos_v1:nightmare_stalker":3,"minecraft:creeper":2,"iceandfire:fire_dragon":3,"minecraft:husk":4,"minecraft:player":1,"aether:slider":3,"minecraft:spider":3,"undead_revamp2:thespitter":1,"undead_revamp2:thehunter":2,"minecraft:warden":13,"minecraft:skeleton":3,"iceandfire:lightning_dragon":2,"iceandfire:ghost":4,"born_in_chaos_v1:dread_hound":1,"undead_revamp2:thebeartamer":1},"minecraft:mined":{"luminousworld:white_petunias":1,"aether:cold_aercloud":9,"minecraft:farmland":3,"luminousworld:yellowpetunias":2,"iceandfire:copper_pile":3,"minecraft:acacia_log":19,"minecraft:grass_block":63,"iceandfire:lectern":1,"minecraft:light_gray_bed":1,"minecraft:composter":1,"luminousworld:savanna_grass_2":42,"aether:ambrosium_torch":1,"minecraft:sculk_catalyst":2,"minecraft:iron_ore":7,"minecraft:cobbled_deepslate":9,"iceandfire:crackled_dirt":1,"ecologics:walnut_log":8,"minecraft:player_head":1,"luminousworld:tall_deadbush":5,"minecraft:powder_snow":25,"minecraft:torch":11,"iceandfire:ghost_chest":1,"minecraft:chest":4,"minecraft:cobblestone":15,"minecraft:wall_torch":5,"minecraft:skeleton_skull":1,"minecraft:blue_ice":1,"minecraft:wheat":98,"born_in_chaos_v1:river_mint":3,"aether:aether_grass_block":4,"minecraft:wither_rose":1,"minecraft:grass":186,"minecraft:oak_log":12,"minecraft:dirt":81,"luminousworld:grassvariant_3":25,"luminousworld:savannah_grass_4":27,"aether:blue_aercloud":8,"minecraft:oak_leaves":8,"minecraft:cyan_candle":2,"minecraft:deepslate":22,"luminousworld:savannah_ground":7,"minecraft:dark_prismarine":3,"luminousworld:groundpebbles_1":1,"minecraft:deepslate_diamond_ore":3,"luminousworld:blue_petunias":2,"iceandfire:crackled_gravel":1,"gravestone:gravestone":55,"minecraft:black_banner":1,"luminousworld:grassvariant_2":33,"travelersbackpack:white_sleeping_bag":2,"minecraft:mangrove_trapdoor":1,"iceandfire:chared_dirt":1,"born_in_chaos_v1:gnawed_bones":1,"minecraft:large_fern":1,"aether:aether_dirt":8,"minecraft:carrots":4,"minecraft:furnace":1,"luminousworld:yellow_grassflowers":3,"minecraft:deepslate_iron_ore":2,"minecraft:potatoes":1,"minecraft:cobblestone_slab":1,"minecraft:vine":9,"minecraft:rail":2,"minecraft:packed_ice":1,"luminousworld:groundpebbles_2":2,"minecraft:stone":312,"minecraft:cake":1,"luminousworld:savannah_soil":32,"minecraft:acacia_leaves":6,"minecraft:glass_pane":3,"aether:ambrosium_wall_torch":1,"minecraft:crafting_table":2,"luminousworld:savannah_grass_1":34,"ecologics:walnut_leaves":58,"undead_revamp2:blacpetalblock":1,"minecraft:campfire":2,"luminousworld:grassflowers":3,"minecraft:tall_grass":53,"minecraft:deepslate_gold_ore":15,"minecraft:sculk":3,"minecraft:redstone_torch":1,"minecraft:black_wall_banner":1,"minecraft:coal_ore":63,"minecraft:cherry_leaves":1,"minecraft:gravel":5,"minecraft:dripstone_block":1,"minecraft:cobweb":19,"luminousworld:elephant_grass":13,"undead_revamp2:arapholia":3},"minecraft:broken":{"minecraft:iron_boots":1,"minecraft:iron_leggings":2,"minecraft:stone_pickaxe":4,"minecraft:iron_sword":1,"iceandfire:armor_silver_metal_chestplate":1,"iceandfire:armor_silver_metal_boots":1,"minecraft:stone_hoe":1,"minecraft:shield":2},"minecraft:killed":{"undead_revamp2:thewolf":2,"born_in_chaos_v1:zombie_clown":1,"minecraft:witch":1,"minecraft:spider":4,"undead_revamp2:thesmoker":2,"minecraft:skeleton":7,"minecraft:chicken":1,"aether:blue_swet":1,"aether:moa":1,"alexsmobs:kangaroo":2,"undead_revamp2:thespitter":2,"minecraft:pig":14,"alexsmobs:seal":1,"undead_revamp2:thebeartamer":2,"aether:phyg":2,"minecraft:sheep":16,"luminousworld:savannah_skeleton":2,"minecraft:zombie":13,"born_in_chaos_v1:dread_hound":1,"alexsmobs:terrapin":1,"born_in_chaos_v1:corpse_fly":19,"minecraft:cow":11,"undead_revamp2:thehunter":9,"undead_revamp2:thegliter":1,"born_in_chaos_v1:thornshell_crab":1,"born_in_chaos_v1:maggot":6,"luminousworld:monarch":1,"born_in_chaos_v1:corpse_fish":1,"undead_revamp2:sucker":11,"luminousworld:savannah_zombie":2,"born_in_chaos_v1:barrel_zombie":1,"born_in_chaos_v1:fallen_chaos_knight":1,"born_in_chaos_v1:spirit_guide":1,"minecraft:husk":6,"born_in_chaos_v1:swarmer":1,"born_in_chaos_v1:spirit_guide_assistant":2,"undead_revamp2:the_moonflower":6,"aether:flying_cow":1,"born_in_chaos_v1:decrepit_skeleton":1,"born_in_chaos_v1:bloody_gadfly":2,"undead_revamp2:thesomnolence":1,"iceandfire:ghost":3,"alexsmobs:gazelle":4,"creeperoverhaul:savannah_creeper":1},"minecraft:crafted":{"minecraft:oak_planks":44,"minecraft:cobblestone_slab":6,"ecologics:walnut_planks":32,"minecraft:stone":27,"minecraft:cooked_mutton":24,"minecraft:bow":1,"minecraft:chest":9,"minecraft:stone_hoe":2,"minecraft:cooked_porkchop":28,"minecraft:crafting_table":2,"minecraft:birch_planks":28,"iceandfire:dragonbone_bow":1,"minecraft:shield":1,"minecraft:stick":56,"minecraft:iron_ingot":18,"minecraft:stone_sword":2,"minecraft:acacia_door":3,"minecraft:wooden_sword":1,"minecraft:furnace":3,"minecraft:bone_meal":69,"travelersbackpack:white_sleeping_bag":1,"minecraft:stone_pickaxe":3,"minecraft:cooked_beef":38,"alexsmobs:cooked_kangaroo_meat":2,"minecraft:stone_axe":1,"minecraft:air":0,"minecraft:bread":25,"minecraft:white_wool":4,"minecraft:wooden_axe":1,"minecraft:acacia_planks":76,"minecraft:torch":72},"minecraft:picked_up":{"iceandfire:dread_stone_bricks":2,"minecraft:iron_chestplate":1,"minecraft:wheat":94,"minecraft:wither_rose":2,"aether:ambrosium_torch":12,"iceandfire:armor_silver_metal_chestplate":1,"iceandfire:manuscript":22,"alexsmobs:gazelle_horn":3,"minecraft:string":42,"cannibal:bone_mask":1,"minecraft:iron_leggings":3,"minecraft:tnt_minecart":2,"minecraft:activator_rail":2,"alexsmobs:emu_feather":2,"minecraft:gold_nugget":16,"minecraft:cobbled_deepslate":24,"minecraft:bucket":1,"minecraft:redstone_torch":1,"minecraft:cobblestone_slab":1,"minecraft:iron_pickaxe":2,"minecraft:iron_boots":1,"minecraft:furnace":1,"minecraft:stick":17,"iceandfire:ghost_chest":1,"iceandfire:crackled_dirt":1,"ecologics:walnut_log":8,"minecraft:composter":1,"minecraft:torch":17,"minecraft:acacia_log":21,"luminousworld:savannah_soil":32,"minecraft:porkchop":30,"iceandfire:lightning_dragon_flesh":1,"iceandfire:crackled_gravel":2,"iceandfire:armor_silver_metal_boots":1,"luminousworld:grassflowers":6,"minecraft:stone_sword":2,"minecraft:light_gray_bed":1,"minecraft:rotten_flesh":90,"luminousworld:yellow_grassflowers":1,"luminousworld:tall_deadbush":7,"aether:iron_ring":2,"minecraft:cod":1,"minecraft:iron_bars":1,"undead_revamp2:arapholia":6,"minecraft:cobblestone":340,"minecraft:pink_petals":3,"luminousworld:savannah_ground":6,"ecologics:walnut":10,"minecraft:feather":4,"minecraft:cooked_beef":27,"minecraft:potato":15,"minecraft:flint":1,"undead_revamp2:huntereye":3,"alexsmobs:cooked_kangaroo_meat":2,"minecraft:dirt":164,"born_in_chaos_v1:monster_skin":1,"minecraft:bone":29,"undead_revamp2:blacpetalblock":3,"minecraft:wheat_seeds":274,"aether:holystone":1,"minecraft:raw_gold":12,"luminousworld:elephant_grass":19,"aether:cold_aercloud":5,"minecraft:cyan_candle":4,"iceandfire:lightning_dragon_heart":1,"minecraft:dark_prismarine":3,"travelersbackpack:white_sleeping_bag":2,"alexsmobs:kangaroo_hide":2,"minecraft:sugar":2,"minecraft:diamond":2,"iceandfire:lectern":1,"luminousworld:yellowpetunias":5,"aether:swet_ball":1,"minecraft:bone_meal":3,"minecraft:golden_apple":1,"minecraft:bread":4,"born_in_chaos_v1:rotten_fish":3,"aether:blue_aercloud":8,"iceandfire:dragon_skull_lightning":1,"luminousworld:groundpebbles_1":2,"minecraft:crafting_table":2,"born_in_chaos_v1:river_mint":3,"minecraft:clay_ball":3,"minecraft:chest_minecart":1,"aether:aether_dirt":12,"minecraft:chain":2,"gravestone:obituary":52,"minecraft:shield":1,"minecraft:iron_axe":1,"minecraft:acacia_door":1,"born_in_chaos_v1:intoxicating_decoction":2,"minecraft:item_frame":2,"ecologics:walnut_sapling":6,"minecraft:beef":23,"born_in_chaos_v1:gnawed_bones":1,"minecraft:player_head":1,"minecraft:light_gray_wool":1,"minecraft:chest":4,"iceandfire:dragonscales_electric":7,"minecraft:egg":1,"minecraft:raw_iron":8,"iceandfire:dragonbone":13,"luminousworld:blue_petunias":2,"luminousworld:beastiary":1,"born_in_chaos_v1:pieceofdarkmetal":4,"minecraft:carrot":5,"minecraft:redstone":3,"minecraft:mangrove_trapdoor":1,"iceandfire:dragon_skull_ice":2,"iceandfire:silver_ingot":2,"minecraft:arrow":15,"minecraft:pumpkin_pie":7,"iceandfire:chared_dirt":1,"born_in_chaos_v1:spiny_shell":3,"minecraft:black_banner":2,"minecraft:gold_ingot":2,"minecraft:mutton":27,"minecraft:skeleton_skull":2,"alexsmobs:kangaroo_meat":1,"minecraft:white_wool":14,"born_in_chaos_v1:corpse_maggot":23,"born_in_chaos_v1:monster_flesh":1,"minecraft:leather":14,"minecraft:oak_log":11,"iceandfire:ectoplasm":3,"minecraft:cooked_mutton":1,"minecraft:iron_ingot":1,"minecraft:cobweb":2,"minecraft:iron_sword":4,"minecraft:sculk_catalyst":1,"iceandfire:copper_nugget":24,"minecraft:dripstone_block":1,"luminousworld:sunset_petunias":2,"minecraft:gravel":3,"minecraft:slime_ball":1,"aether:golden_ring":1,"iceandfire:silver_sword":1,"minecraft:iron_helmet":4,"minecraft:gray_wool":1,"minecraft:black_wool":1,"minecraft:coal":63},"minecraft:used":{"iceandfire:lectern":1,"minecraft:beetroot":10,"aether:ambrosium_torch":12,"minecraft:chest":13,"minecraft:shield":90,"minecraft:stone":25,"minecraft:iron_sword":539,"luminousworld:savannah_ground":3,"minecraft:rotten_flesh":9,"minecraft:mutton":3,"minecraft:carrot":6,"born_in_chaos_v1:corpse_maggot":16,"iceandfire:ghost_chest":1,"luminousworld:elephant_grass":4,"minecraft:item_frame":2,"minecraft:bow":20,"minecraft:furnace":5,"minecraft:egg":1,"minecraft:potato":14,"minecraft:stone_pickaxe":448,"minecraft:oak_planks":33,"minecraft:wooden_pickaxe":38,"minecraft:composter":1,"iceandfire:dread_stone_bricks":2,"luminousworld:yellowpetunias":3,"minecraft:golden_apple":1,"minecraft:black_banner":2,"aether:blue_aercloud":4,"minecraft:acacia_door":2,"born_in_chaos_v1:monster_flesh":1,"minecraft:bread":18,"minecraft:string":2,"minecraft:wooden_sword":28,"minecraft:bone_meal":72,"minecraft:cobweb":2,"iceandfire:silver_sword":78,"minecraft:iron_bars":1,"minecraft:stone_sword":81,"minecraft:acacia_log":2,"minecraft:redstone":3,"undead_revamp2:blacpetalblock":1,"aether:cold_aercloud":5,"luminousworld:tall_deadbush":2,"minecraft:stone_hoe":134,"minecraft:torch":66,"minecraft:dirt":133,"minecraft:wheat":1,"luminousworld:grassflowers":1,"alexsmobs:cooked_kangaroo_meat":3,"minecraft:iron_axe":139,"luminousworld:savannah_soil":23,"ecologics:walnut":6,"undead_revamp2:arapholia":3,"minecraft:cooked_beef":56,"minecraft:cobbled_deepslate":24,"aether:holystone":1,"minecraft:light_gray_bed":1,"minecraft:wheat_seeds":167,"minecraft:cooked_mutton":4,"minecraft:water_bucket":68,"ecologics:walnut_sapling":10,"minecraft:cobblestone_slab":4,"iceandfire:dragon_skull_lightning":1,"minecraft:crafting_table":3,"minecraft:iron_pickaxe":63,"travelersbackpack:white_sleeping_bag":2,"minecraft:tnt_minecart":1,"aether:zanite_axe":52,"minecraft:stone_axe":17,"minecraft:pink_petals":3,"luminousworld:sunset_petunias":1,"minecraft:cobblestone":35,"minecraft:cooked_porkchop":28,"minecraft:bucket":69,"minecraft:pumpkin_pie":10,"minecraft:sculk_catalyst":1}},"DataVersion":3465}