{"stats":{"minecraft:picked_up":{"minecraft:crafting_table":1,"luminousworld:groundpebbles_1":1,"born_in_chaos_v1:corpse_maggot":2,"luminousworld:savannah_ground":1,"ecologics:walnut":3,"minecraft:wheat":3,"gravestone:obituary":2,"alexsmobs:cooked_kangaroo_meat":2,"alexsmobs:gazelle_horn":1,"minecraft:dirt":17,"minecraft:iron_axe":1,"born_in_chaos_v1:intoxicating_decoction":2,"minecraft:bone":2,"ecologics:walnut_sapling":3,"minecraft:wheat_seeds":7,"luminousworld:elephant_grass":3,"minecraft:stick":1,"ecologics:walnut_log":3,"minecraft:torch":1,"luminousworld:savannah_soil":1,"minecraft:stone_sword":2,"alexsmobs:kangaroo_hide":2,"luminousworld:grassflowers":3,"minecraft:rotten_flesh":6,"minecraft:arrow":4,"luminousworld:yellowpetunias":2,"minecraft:black_wool":1,"minecraft:mutton":3,"alexsmobs:kangaroo_meat":1,"minecraft:coal":29,"minecraft:cobblestone":80,"minecraft:white_wool":2},"minecraft:used":{"minecraft:beetroot":10,"minecraft:stone_sword":43,"minecraft:stone_pickaxe":95,"minecraft:oak_planks":13,"luminousworld:yellowpetunias":2,"minecraft:torch":3,"minecraft:dirt":1,"minecraft:crafting_table":1,"alexsmobs:cooked_kangaroo_meat":2,"minecraft:carrot":1,"minecraft:wooden_sword":28,"minecraft:cobblestone":8,"minecraft:furnace":1,"ecologics:walnut":3,"minecraft:pumpkin_pie":3},"minecraft:mined":{"luminousworld:groundpebbles_1":1,"luminousworld:savannah_soil":2,"minecraft:powder_snow":2,"minecraft:crafting_table":1,"gravestone:gravestone":4,"luminousworld:savannah_grass_1":2,"minecraft:grass_block":2,"ecologics:walnut_leaves":6,"luminousworld:grassvariant_2":1,"minecraft:tall_grass":4,"minecraft:wall_torch":1,"minecraft:grass":4,"minecraft:coal_ore":29,"minecraft:dirt":1,"luminousworld:grassvariant_3":2,"ecologics:walnut_log":3,"minecraft:stone":63,"luminousworld:elephant_grass":3,"minecraft:oak_leaves":7,"luminousworld:savannah_ground":1},"minecraft:dropped":{"minecraft:stone_sword":2,"minecraft:cobblestone":16,"minecraft:scute":1,"luminousworld:groundpebbles_1":1,"gravestone:obituary":10},"minecraft:crafted":{"minecraft:wooden_sword":1,"ecologics:walnut_planks":12,"alexsmobs:cooked_kangaroo_meat":1,"minecraft:furnace":1,"minecraft:air":0,"minecraft:stick":4,"minecraft:stone_sword":1,"minecraft:torch":8},"minecraft:custom":{"minecraft:mob_kills":14,"minecraft:interact_with_crafting_table":8,"minecraft:open_barrel":3,"minecraft:damage_dealt_resisted":26,"minecraft:leave_game":2,"minecraft:time_since_death":17462,"minecraft:time_since_rest":17493,"minecraft:sprint_one_cm":97015,"minecraft:damage_taken":1841,"minecraft:walk_one_cm":122431,"minecraft:drop":15,"minecraft:damage_dealt":2324,"minecraft:fly_one_cm":104645,"minecraft:player_kills":1,"minecraft:crouch_one_cm":2310,"minecraft:play_time":41906,"minecraft:deaths":5,"minecraft:sneak_time":1390,"minecraft:jump":666,"minecraft:interact_with_blast_furnace":2,"minecraft:total_world_time":41906,"minecraft:fall_one_cm":16515,"minecraft:interact_with_furnace":6},"minecraft:killed":{"born_in_chaos_v1:zombie_clown":1,"undead_revamp2:thesmoker":1,"born_in_chaos_v1:maggot":1,"minecraft:sheep":3,"minecraft:skeleton":2,"born_in_chaos_v1:bloody_gadfly":1,"alexsmobs:gazelle":1,"luminousworld:monarch":1,"creeperoverhaul:savannah_creeper":1,"alexsmobs:kangaroo":2},"minecraft:killed_by":{"minecraft:husk":1,"minecraft:skeleton":2,"minecraft:creeper":1,"born_in_chaos_v1:dread_hound":1}},"DataVersion":3465}