{"stats":{"minecraft:dropped":{"minecraft:iron_sword":1,"luminousworld:white_petunias":1,"minecraft:scute":1,"minecraft:dirt":1,"minecraft:chain":2,"gravestone:obituary":51,"minecraft:sugar":2,"cannibal:bone_mask":1,"minecraft:bone":1,"minecraft:gravel":2,"alexsmobs:gazelle_horn":1,"undead_revamp2:arapholia":3,"minecraft:rotten_flesh":4,"luminousworld:tall_deadbush":5,"luminousworld:grassflowers":1,"minecraft:skeleton_skull":1,"iceandfire:manuscript":1,"minecraft:bread":11,"luminousworld:sunset_petunias":1,"minecraft:wheat_seeds":1,"minecraft:cobblestone":16,"minecraft:prismarine_crystals":2,"minecraft:stick":3,"born_in_chaos_v1:fused_bone":1,"minecraft:potion":1,"minecraft:wither_rose":2,"minecraft:stone_sword":2,"alexsmobs:cooked_kangaroo_meat":1,"ecologics:walnut":4,"luminousworld:groundpebbles_1":1,"luminousworld:elephant_grass":14,"minecraft:wooden_pickaxe":1},"minecraft:custom":{"minecraft:interact_with_crafting_table":47,"minecraft:open_barrel":9,"minecraft:eat_cake_slice":8,"minecraft:leave_game":19,"minecraft:time_since_death":20085,"minecraft:sprint_one_cm":862334,"minecraft:damage_blocked_by_shield":2998,"minecraft:drop":118,"minecraft:play_time":320658,"minecraft:deaths":36,"minecraft:jump":5563,"minecraft:walk_on_water_one_cm":38377,"minecraft:interact_with_furnace":60,"minecraft:sleep_in_bed":2,"minecraft:damage_dealt":28754,"minecraft:player_kills":2,"minecraft:crouch_one_cm":8737,"minecraft:mob_kills":164,"minecraft:damage_dealt_resisted":499,"minecraft:climb_one_cm":13032,"minecraft:walk_one_cm":891063,"minecraft:sneak_time":4977,"minecraft:walk_under_water_one_cm":10280,"minecraft:interact_with_blast_furnace":4,"minecraft:total_world_time":320658,"minecraft:time_since_rest":20126,"minecraft:damage_taken":17124,"minecraft:trigger_trapped_chest":2,"minecraft:swim_one_cm":23220,"minecraft:fly_one_cm":1056981,"minecraft:open_chest":98,"minecraft:fall_one_cm":191764},"minecraft:killed_by":{"undead_revamp2:thewolf":1,"undead_revamp2:sucker":4,"undead_revamp2:the_moonflower":2,"born_in_chaos_v1:nightmare_stalker":3,"minecraft:creeper":2,"minecraft:husk":4,"minecraft:player":1,"minecraft:spider":3,"undead_revamp2:thespitter":1,"undead_revamp2:thehunter":2,"minecraft:skeleton":3,"iceandfire:lightning_dragon":2,"iceandfire:ghost":4,"born_in_chaos_v1:dread_hound":1,"undead_revamp2:thebeartamer":1},"minecraft:mined":{"luminousworld:white_petunias":1,"aether:cold_aercloud":9,"minecraft:farmland":3,"luminousworld:yellowpetunias":2,"iceandfire:copper_pile":3,"minecraft:acacia_log":19,"minecraft:grass_block":58,"iceandfire:lectern":1,"minecraft:light_gray_bed":1,"minecraft:composter":1,"luminousworld:savanna_grass_2":42,"minecraft:iron_ore":7,"iceandfire:crackled_dirt":1,"ecologics:walnut_log":8,"minecraft:player_head":1,"luminousworld:tall_deadbush":5,"minecraft:powder_snow":11,"minecraft:torch":11,"iceandfire:ghost_chest":1,"minecraft:chest":4,"minecraft:cobblestone":15,"minecraft:wall_torch":3,"minecraft:skeleton_skull":1,"minecraft:wheat":98,"born_in_chaos_v1:river_mint":3,"aether:aether_grass_block":4,"minecraft:wither_rose":1,"minecraft:grass":185,"minecraft:dirt":78,"luminousworld:grassvariant_3":25,"luminousworld:savannah_grass_4":27,"aether:blue_aercloud":7,"minecraft:oak_leaves":8,"minecraft:cyan_candle":2,"luminousworld:savannah_ground":7,"minecraft:dark_prismarine":3,"luminousworld:groundpebbles_1":1,"luminousworld:blue_petunias":2,"iceandfire:crackled_gravel":1,"gravestone:gravestone":34,"minecraft:black_banner":1,"luminousworld:grassvariant_2":33,"travelersbackpack:white_sleeping_bag":2,"minecraft:mangrove_trapdoor":1,"born_in_chaos_v1:gnawed_bones":1,"minecraft:large_fern":1,"aether:aether_dirt":8,"minecraft:carrots":4,"minecraft:furnace":1,"luminousworld:yellow_grassflowers":3,"minecraft:potatoes":1,"minecraft:cobblestone_slab":1,"minecraft:vine":9,"minecraft:rail":2,"luminousworld:groundpebbles_2":2,"minecraft:stone":312,"minecraft:cake":1,"luminousworld:savannah_soil":32,"minecraft:acacia_leaves":6,"minecraft:glass_pane":3,"minecraft:crafting_table":2,"luminousworld:savannah_grass_1":34,"ecologics:walnut_leaves":58,"minecraft:campfire":2,"luminousworld:grassflowers":3,"minecraft:tall_grass":52,"minecraft:redstone_torch":1,"minecraft:black_wall_banner":1,"minecraft:coal_ore":63,"minecraft:cherry_leaves":1,"minecraft:gravel":5,"minecraft:dripstone_block":1,"minecraft:cobweb":19,"luminousworld:elephant_grass":13,"undead_revamp2:arapholia":3},"minecraft:broken":{"minecraft:stone_pickaxe":3,"minecraft:iron_sword":1,"minecraft:stone_hoe":1,"minecraft:shield":1},"minecraft:killed":{"undead_revamp2:thewolf":2,"born_in_chaos_v1:zombie_clown":1,"minecraft:witch":1,"minecraft:spider":3,"undead_revamp2:thesmoker":1,"minecraft:skeleton":7,"minecraft:chicken":1,"aether:blue_swet":1,"aether:moa":1,"alexsmobs:kangaroo":2,"undead_revamp2:thespitter":2,"minecraft:pig":14,"alexsmobs:seal":1,"undead_revamp2:thebeartamer":2,"aether:phyg":2,"minecraft:sheep":16,"luminousworld:savannah_skeleton":2,"minecraft:zombie":11,"born_in_chaos_v1:dread_hound":1,"alexsmobs:terrapin":1,"born_in_chaos_v1:corpse_fly":19,"minecraft:cow":11,"undead_revamp2:thehunter":9,"born_in_chaos_v1:thornshell_crab":1,"born_in_chaos_v1:maggot":6,"luminousworld:monarch":1,"born_in_chaos_v1:corpse_fish":1,"undead_revamp2:sucker":7,"luminousworld:savannah_zombie":2,"born_in_chaos_v1:barrel_zombie":1,"born_in_chaos_v1:fallen_chaos_knight":1,"born_in_chaos_v1:spirit_guide":1,"minecraft:husk":6,"born_in_chaos_v1:swarmer":1,"born_in_chaos_v1:spirit_guide_assistant":2,"undead_revamp2:the_moonflower":4,"aether:flying_cow":1,"born_in_chaos_v1:decrepit_skeleton":1,"born_in_chaos_v1:bloody_gadfly":2,"iceandfire:ghost":3,"alexsmobs:gazelle":4,"creeperoverhaul:savannah_creeper":1},"minecraft:crafted":{"minecraft:cobblestone_slab":6,"ecologics:walnut_planks":32,"minecraft:stone":27,"minecraft:cooked_mutton":24,"minecraft:bow":1,"minecraft:chest":6,"minecraft:stone_hoe":2,"minecraft:cooked_porkchop":28,"minecraft:crafting_table":1,"iceandfire:dragonbone_bow":1,"minecraft:stick":28,"minecraft:stone_sword":2,"minecraft:acacia_door":3,"minecraft:wooden_sword":1,"minecraft:furnace":3,"minecraft:bone_meal":69,"travelersbackpack:white_sleeping_bag":1,"minecraft:stone_pickaxe":3,"minecraft:cooked_beef":38,"alexsmobs:cooked_kangaroo_meat":2,"minecraft:stone_axe":1,"minecraft:air":0,"minecraft:bread":25,"minecraft:white_wool":4,"minecraft:wooden_axe":1,"minecraft:acacia_planks":76,"minecraft:torch":8},"minecraft:picked_up":{"iceandfire:dread_stone_bricks":2,"minecraft:wheat":91,"minecraft:wither_rose":2,"iceandfire:armor_silver_metal_chestplate":1,"iceandfire:manuscript":18,"alexsmobs:gazelle_horn":3,"minecraft:string":38,"cannibal:bone_mask":1,"minecraft:iron_leggings":2,"minecraft:tnt_minecart":2,"alexsmobs:emu_feather":2,"minecraft:activator_rail":2,"minecraft:gold_nugget":16,"minecraft:bucket":1,"minecraft:redstone_torch":1,"minecraft:cobblestone_slab":1,"minecraft:furnace":1,"minecraft:stick":17,"iceandfire:ghost_chest":1,"iceandfire:crackled_dirt":1,"ecologics:walnut_log":8,"minecraft:composter":1,"minecraft:torch":15,"minecraft:acacia_log":21,"luminousworld:savannah_soil":31,"minecraft:porkchop":30,"iceandfire:lightning_dragon_flesh":1,"iceandfire:crackled_gravel":2,"iceandfire:armor_silver_metal_boots":1,"luminousworld:grassflowers":6,"minecraft:stone_sword":2,"minecraft:light_gray_bed":1,"minecraft:rotten_flesh":72,"luminousworld:yellow_grassflowers":1,"luminousworld:tall_deadbush":7,"minecraft:cod":1,"minecraft:iron_bars":1,"undead_revamp2:arapholia":6,"minecraft:cobblestone":335,"minecraft:pink_petals":3,"luminousworld:savannah_ground":6,"ecologics:walnut":10,"minecraft:feather":2,"minecraft:cooked_beef":6,"minecraft:potato":15,"minecraft:flint":1,"undead_revamp2:huntereye":3,"alexsmobs:cooked_kangaroo_meat":2,"minecraft:dirt":157,"born_in_chaos_v1:monster_skin":1,"minecraft:bone":27,"minecraft:wheat_seeds":268,"aether:holystone":1,"luminousworld:elephant_grass":19,"aether:cold_aercloud":5,"minecraft:cyan_candle":4,"iceandfire:lightning_dragon_heart":1,"minecraft:dark_prismarine":3,"travelersbackpack:white_sleeping_bag":2,"alexsmobs:kangaroo_hide":2,"minecraft:sugar":2,"iceandfire:lectern":1,"luminousworld:yellowpetunias":5,"aether:swet_ball":1,"minecraft:bone_meal":3,"minecraft:bread":4,"born_in_chaos_v1:rotten_fish":3,"aether:blue_aercloud":7,"iceandfire:dragon_skull_lightning":1,"luminousworld:groundpebbles_1":2,"minecraft:crafting_table":2,"born_in_chaos_v1:river_mint":3,"minecraft:clay_ball":3,"minecraft:chest_minecart":1,"aether:aether_dirt":12,"minecraft:chain":2,"gravestone:obituary":15,"minecraft:shield":1,"minecraft:iron_axe":1,"minecraft:acacia_door":1,"born_in_chaos_v1:intoxicating_decoction":2,"minecraft:item_frame":2,"ecologics:walnut_sapling":6,"minecraft:beef":23,"born_in_chaos_v1:gnawed_bones":1,"minecraft:player_head":1,"minecraft:light_gray_wool":1,"iceandfire:dragonscales_electric":7,"minecraft:chest":4,"minecraft:egg":1,"minecraft:raw_iron":7,"iceandfire:dragonbone":8,"luminousworld:blue_petunias":2,"luminousworld:beastiary":1,"born_in_chaos_v1:pieceofdarkmetal":4,"minecraft:carrot":5,"minecraft:redstone":3,"minecraft:mangrove_trapdoor":1,"iceandfire:silver_ingot":2,"minecraft:arrow":15,"minecraft:pumpkin_pie":7,"born_in_chaos_v1:spiny_shell":3,"minecraft:black_banner":2,"minecraft:gold_ingot":2,"minecraft:mutton":27,"minecraft:skeleton_skull":2,"alexsmobs:kangaroo_meat":1,"minecraft:white_wool":14,"born_in_chaos_v1:corpse_maggot":23,"born_in_chaos_v1:monster_flesh":1,"minecraft:leather":12,"iceandfire:ectoplasm":3,"minecraft:cooked_mutton":1,"minecraft:cobweb":2,"minecraft:iron_sword":3,"iceandfire:copper_nugget":24,"minecraft:dripstone_block":1,"luminousworld:sunset_petunias":2,"minecraft:gravel":3,"iceandfire:silver_sword":1,"minecraft:iron_helmet":4,"minecraft:gray_wool":1,"minecraft:black_wool":1,"minecraft:coal":63},"minecraft:used":{"iceandfire:lectern":1,"minecraft:beetroot":10,"minecraft:chest":10,"minecraft:shield":51,"minecraft:stone":25,"minecraft:iron_sword":539,"luminousworld:savannah_ground":3,"minecraft:rotten_flesh":9,"minecraft:mutton":3,"minecraft:carrot":6,"born_in_chaos_v1:corpse_maggot":16,"iceandfire:ghost_chest":1,"luminousworld:elephant_grass":4,"minecraft:item_frame":2,"minecraft:bow":16,"minecraft:furnace":5,"minecraft:egg":1,"minecraft:potato":14,"minecraft:stone_pickaxe":398,"minecraft:oak_planks":13,"minecraft:wooden_pickaxe":38,"minecraft:composter":1,"iceandfire:dread_stone_bricks":2,"luminousworld:yellowpetunias":3,"minecraft:black_banner":2,"aether:blue_aercloud":2,"minecraft:acacia_door":2,"born_in_chaos_v1:monster_flesh":1,"minecraft:bread":18,"minecraft:string":2,"minecraft:wooden_sword":28,"minecraft:bone_meal":72,"minecraft:cobweb":2,"minecraft:iron_bars":1,"minecraft:stone_sword":81,"minecraft:acacia_log":2,"minecraft:redstone":3,"aether:cold_aercloud":5,"luminousworld:tall_deadbush":2,"minecraft:stone_hoe":134,"minecraft:torch":26,"minecraft:dirt":126,"minecraft:wheat":1,"luminousworld:grassflowers":1,"alexsmobs:cooked_kangaroo_meat":3,"minecraft:iron_axe":139,"luminousworld:savannah_soil":22,"ecologics:walnut":6,"undead_revamp2:arapholia":3,"minecraft:cooked_beef":37,"aether:holystone":1,"minecraft:light_gray_bed":1,"minecraft:wheat_seeds":167,"minecraft:cooked_mutton":4,"minecraft:water_bucket":68,"ecologics:walnut_sapling":10,"iceandfire:dragon_skull_lightning":1,"minecraft:cobblestone_slab":4,"minecraft:crafting_table":3,"travelersbackpack:white_sleeping_bag":2,"minecraft:tnt_minecart":1,"minecraft:stone_axe":17,"minecraft:pink_petals":3,"luminousworld:sunset_petunias":1,"minecraft:cobblestone":30,"minecraft:bucket":69,"minecraft:pumpkin_pie":10}},"DataVersion":3465}