{"stats":{"minecraft:picked_up":{"luminousworld:groundpebbles_1":2,"minecraft:crafting_table":2,"minecraft:wheat":79,"born_in_chaos_v1:river_mint":3,"minecraft:wither_rose":2,"minecraft:chain":2,"gravestone:obituary":11,"iceandfire:armor_silver_metal_chestplate":1,"alexsmobs:gazelle_horn":2,"iceandfire:manuscript":18,"minecraft:string":18,"cannibal:bone_mask":1,"minecraft:iron_axe":1,"minecraft:iron_leggings":1,"born_in_chaos_v1:intoxicating_decoction":2,"minecraft:item_frame":2,"ecologics:walnut_sapling":6,"alexsmobs:emu_feather":2,"minecraft:gold_nugget":16,"minecraft:bucket":1,"born_in_chaos_v1:gnawed_bones":1,"minecraft:cobblestone_slab":1,"minecraft:player_head":1,"minecraft:chest":4,"minecraft:furnace":1,"minecraft:stick":5,"iceandfire:ghost_chest":1,"luminousworld:blue_petunias":2,"ecologics:walnut_log":8,"minecraft:composter":1,"minecraft:torch":10,"minecraft:acacia_log":17,"luminousworld:savannah_soil":26,"born_in_chaos_v1:pieceofdarkmetal":4,"minecraft:mangrove_trapdoor":1,"iceandfire:armor_silver_metal_boots":1,"iceandfire:silver_ingot":2,"luminousworld:grassflowers":5,"minecraft:stone_sword":2,"minecraft:arrow":9,"minecraft:light_gray_bed":1,"minecraft:rotten_flesh":52,"luminousworld:yellow_grassflowers":1,"minecraft:pumpkin_pie":7,"born_in_chaos_v1:spiny_shell":3,"minecraft:gold_ingot":2,"minecraft:black_banner":1,"luminousworld:tall_deadbush":7,"minecraft:mutton":6,"minecraft:iron_bars":1,"undead_revamp2:arapholia":1,"minecraft:skeleton_skull":2,"alexsmobs:kangaroo_meat":1,"minecraft:white_wool":2,"minecraft:cobblestone":333,"born_in_chaos_v1:corpse_maggot":16,"ecologics:walnut":10,"luminousworld:savannah_ground":4,"born_in_chaos_v1:monster_flesh":1,"minecraft:potato":1,"minecraft:flint":1,"iceandfire:ectoplasm":3,"alexsmobs:cooked_kangaroo_meat":2,"minecraft:dirt":152,"born_in_chaos_v1:monster_skin":1,"minecraft:cooked_mutton":1,"minecraft:bone":18,"minecraft:wheat_seeds":226,"luminousworld:elephant_grass":16,"minecraft:cobweb":2,"minecraft:cyan_candle":3,"minecraft:iron_sword":1,"minecraft:dripstone_block":1,"luminousworld:sunset_petunias":2,"minecraft:gravel":2,"minecraft:dark_prismarine":3,"travelersbackpack:white_sleeping_bag":1,"alexsmobs:kangaroo_hide":2,"minecraft:sugar":2,"luminousworld:yellowpetunias":5,"minecraft:iron_helmet":1,"minecraft:bone_meal":3,"minecraft:bread":4,"born_in_chaos_v1:rotten_fish":1,"minecraft:black_wool":1,"minecraft:coal":63},"minecraft:used":{"minecraft:beetroot":10,"minecraft:stone_sword":81,"minecraft:iron_bars":1,"luminousworld:tall_deadbush":2,"minecraft:chest":10,"minecraft:stone":25,"minecraft:iron_sword":153,"luminousworld:savannah_ground":1,"minecraft:torch":17,"minecraft:rotten_flesh":9,"minecraft:stone_hoe":134,"minecraft:dirt":91,"minecraft:mutton":3,"minecraft:wheat":1,"alexsmobs:cooked_kangaroo_meat":3,"minecraft:carrot":1,"born_in_chaos_v1:corpse_maggot":14,"minecraft:iron_axe":139,"iceandfire:ghost_chest":1,"luminousworld:elephant_grass":4,"luminousworld:savannah_soil":22,"minecraft:furnace":5,"ecologics:walnut":6,"minecraft:cooked_mutton":1,"minecraft:wheat_seeds":150,"minecraft:water_bucket":68,"minecraft:stone_pickaxe":372,"minecraft:oak_planks":13,"minecraft:wooden_pickaxe":38,"minecraft:composter":1,"ecologics:walnut_sapling":10,"minecraft:cobblestone_slab":4,"luminousworld:yellowpetunias":3,"minecraft:crafting_table":2,"minecraft:acacia_door":1,"minecraft:string":2,"born_in_chaos_v1:monster_flesh":1,"minecraft:bread":18,"travelersbackpack:white_sleeping_bag":2,"minecraft:stone_axe":5,"luminousworld:sunset_petunias":1,"minecraft:wooden_sword":28,"minecraft:cobblestone":30,"minecraft:bucket":69,"minecraft:pumpkin_pie":4,"minecraft:bone_meal":72,"minecraft:cobweb":2},"minecraft:mined":{"undead_revamp2:arapholia":1,"minecraft:dark_prismarine":3,"luminousworld:groundpebbles_1":1,"minecraft:farmland":3,"luminousworld:yellowpetunias":2,"luminousworld:blue_petunias":2,"gravestone:gravestone":24,"minecraft:black_banner":1,"minecraft:acacia_log":17,"minecraft:grass_block":56,"minecraft:light_gray_bed":1,"luminousworld:grassvariant_2":28,"travelersbackpack:white_sleeping_bag":1,"minecraft:mangrove_trapdoor":1,"minecraft:composter":1,"born_in_chaos_v1:gnawed_bones":1,"luminousworld:savanna_grass_2":39,"minecraft:large_fern":1,"minecraft:furnace":1,"luminousworld:yellow_grassflowers":1,"minecraft:vine":3,"minecraft:cobblestone_slab":1,"luminousworld:groundpebbles_2":2,"ecologics:walnut_log":8,"minecraft:stone":311,"minecraft:player_head":1,"luminousworld:savannah_soil":27,"minecraft:acacia_leaves":2,"luminousworld:tall_deadbush":5,"minecraft:powder_snow":2,"minecraft:crafting_table":2,"minecraft:torch":6,"luminousworld:savannah_grass_1":27,"ecologics:walnut_leaves":58,"iceandfire:ghost_chest":1,"minecraft:chest":4,"minecraft:campfire":2,"luminousworld:grassflowers":2,"minecraft:tall_grass":48,"minecraft:cobblestone":14,"minecraft:wall_torch":3,"minecraft:skeleton_skull":1,"minecraft:wheat":77,"born_in_chaos_v1:river_mint":3,"minecraft:wither_rose":1,"minecraft:grass":149,"minecraft:coal_ore":63,"minecraft:gravel":4,"minecraft:dirt":74,"minecraft:dripstone_block":1,"luminousworld:grassvariant_3":19,"luminousworld:elephant_grass":13,"luminousworld:savannah_grass_4":22,"minecraft:oak_leaves":7,"minecraft:cyan_candle":1,"luminousworld:savannah_ground":5},"minecraft:broken":{"minecraft:stone_hoe":1,"minecraft:stone_pickaxe":3},"minecraft:dropped":{"minecraft:bread":11,"luminousworld:sunset_petunias":1,"minecraft:wheat_seeds":1,"luminousworld:white_petunias":1,"minecraft:cobblestone":16,"minecraft:prismarine_crystals":2,"minecraft:scute":1,"minecraft:stick":3,"minecraft:dirt":1,"born_in_chaos_v1:fused_bone":1,"minecraft:chain":2,"gravestone:obituary":32,"minecraft:wither_rose":2,"minecraft:sugar":2,"minecraft:bone":1,"cannibal:bone_mask":1,"minecraft:gravel":2,"minecraft:stone_sword":2,"undead_revamp2:arapholia":1,"luminousworld:tall_deadbush":5,"alexsmobs:cooked_kangaroo_meat":1,"luminousworld:grassflowers":1,"ecologics:walnut":4,"minecraft:skeleton_skull":1,"luminousworld:groundpebbles_1":1,"luminousworld:elephant_grass":12,"minecraft:wooden_pickaxe":1,"iceandfire:manuscript":1},"minecraft:crafted":{"minecraft:wooden_sword":1,"minecraft:cobblestone_slab":6,"ecologics:walnut_planks":32,"minecraft:furnace":3,"minecraft:stone":27,"minecraft:bone_meal":69,"travelersbackpack:white_sleeping_bag":1,"minecraft:stone_pickaxe":3,"minecraft:chest":6,"minecraft:stone_hoe":2,"alexsmobs:cooked_kangaroo_meat":2,"minecraft:stone_axe":1,"minecraft:air":0,"minecraft:bread":25,"minecraft:white_wool":4,"minecraft:stick":28,"minecraft:wooden_axe":1,"minecraft:stone_sword":2,"minecraft:acacia_door":3,"minecraft:acacia_planks":68,"minecraft:torch":8},"minecraft:custom":{"minecraft:mob_kills":84,"minecraft:interact_with_crafting_table":38,"minecraft:open_barrel":9,"minecraft:damage_dealt_resisted":96,"minecraft:eat_cake_slice":6,"minecraft:leave_game":10,"minecraft:time_since_death":3185,"minecraft:climb_one_cm":2672,"minecraft:sprint_one_cm":490142,"minecraft:walk_one_cm":614167,"minecraft:drop":91,"minecraft:play_time":203373,"minecraft:sneak_time":3401,"minecraft:deaths":26,"minecraft:walk_under_water_one_cm":9598,"minecraft:jump":3281,"minecraft:interact_with_blast_furnace":4,"minecraft:total_world_time":203373,"minecraft:walk_on_water_one_cm":35676,"minecraft:interact_with_furnace":35,"minecraft:time_since_rest":3212,"minecraft:damage_taken":8816,"minecraft:trigger_trapped_chest":2,"minecraft:damage_dealt":15540,"minecraft:swim_one_cm":22143,"minecraft:fly_one_cm":585191,"minecraft:player_kills":2,"minecraft:open_chest":50,"minecraft:crouch_one_cm":6463,"minecraft:fall_one_cm":98321},"minecraft:killed":{"undead_revamp2:thewolf":1,"born_in_chaos_v1:zombie_clown":1,"undead_revamp2:thehunter":1,"minecraft:witch":1,"minecraft:spider":3,"undead_revamp2:thesmoker":1,"born_in_chaos_v1:thornshell_crab":1,"born_in_chaos_v1:maggot":4,"minecraft:skeleton":5,"luminousworld:monarch":1,"born_in_chaos_v1:corpse_fish":1,"undead_revamp2:sucker":3,"alexsmobs:kangaroo":2,"luminousworld:savannah_zombie":2,"undead_revamp2:thespitter":1,"born_in_chaos_v1:fallen_chaos_knight":1,"born_in_chaos_v1:spirit_guide":1,"minecraft:husk":6,"born_in_chaos_v1:spirit_guide_assistant":2,"alexsmobs:seal":1,"undead_revamp2:the_moonflower":2,"undead_revamp2:thebeartamer":2,"born_in_chaos_v1:decrepit_skeleton":1,"minecraft:sheep":3,"born_in_chaos_v1:bloody_gadfly":1,"luminousworld:savannah_skeleton":2,"minecraft:zombie":8,"iceandfire:ghost":3,"born_in_chaos_v1:dread_hound":1,"alexsmobs:terrapin":1,"born_in_chaos_v1:corpse_fly":14,"alexsmobs:gazelle":3,"creeperoverhaul:savannah_creeper":1},"minecraft:killed_by":{"minecraft:husk":4,"undead_revamp2:thewolf":1,"undead_revamp2:sucker":3,"minecraft:player":1,"undead_revamp2:the_moonflower":2,"minecraft:creeper":2,"minecraft:spider":3,"minecraft:skeleton":3,"iceandfire:ghost":4,"born_in_chaos_v1:dread_hound":1,"undead_revamp2:thebeartamer":1}},"DataVersion":3465}