{"stats":{"minecraft:picked_up":{"minecraft:acacia_log":7,"minecraft:porkchop":7,"minecraft:oak_log":3,"minecraft:white_banner":1,"minecraft:stone_sword":1,"minecraft:acacia_planks":2,"minecraft:wheat_seeds":1,"minecraft:beef":5,"minecraft:oak_sapling":1,"minecraft:cobblestone":1},"minecraft:killed":{"sculkhorde:sculk_mite_aggressor":1,"minecraft:pig":3,"minecraft:drowned":1,"minecraft:cow":2},"minecraft:used":{"minecraft:oak_log":3,"minecraft:stone_sword":22,"minecraft:cobblestone":1,"minecraft:cooked_porkchop":3,"minecraft:white_banner":1},"minecraft:mined":{"minecraft:grass":1,"minecraft:acacia_log":7,"minecraft:grass_block":1,"minecraft:oak_log":3,"minecraft:dirt":1,"minecraft:sculk":9,"minecraft:oak_leaves":6},"minecraft:crafted":{"minecraft:cooked_beef":2,"minecraft:cooked_porkchop":6,"minecraft:crafting_table":1,"minecraft:stick":4,"minecraft:acacia_planks":28,"minecraft:air":0},"minecraft:custom":{"minecraft:time_since_rest":19725,"minecraft:interact_with_furnace":10,"minecraft:sprint_one_cm":19110,"minecraft:damage_taken":819,"minecraft:walk_one_cm":41843,"minecraft:mob_kills":7,"minecraft:drop":12,"minecraft:damage_dealt":914,"minecraft:swim_one_cm":20804,"minecraft:interact_with_crafting_table":5,"minecraft:fly_one_cm":21984,"minecraft:crouch_one_cm":172,"minecraft:play_time":28071,"minecraft:deaths":2,"minecraft:sneak_time":229,"minecraft:walk_under_water_one_cm":1481,"minecraft:jump":186,"minecraft:leave_game":2,"minecraft:walk_on_water_one_cm":9069,"minecraft:time_since_death":19675,"minecraft:climb_one_cm":2688,"minecraft:total_world_time":28071,"minecraft:fall_one_cm":4985},"minecraft:dropped":{"minecraft:wheat_seeds":1,"minecraft:crafting_table":1,"minecraft:oak_sapling":1,"minecraft:acacia_planks":9},"minecraft:killed_by":{"sculkhorde:sculk_mite_aggressor":1}},"DataVersion":3465}