{"stats":{"minecraft:picked_up":{"born_in_chaos_v1:corpse_maggot":2,"minecraft:stick":1,"minecraft:wheat":3,"ecologics:walnut":3,"ecologics:walnut_log":3,"minecraft:dirt":16,"born_in_chaos_v1:intoxicating_decoction":2,"minecraft:bone":1,"minecraft:arrow":2,"luminousworld:grassflowers":3,"minecraft:rotten_flesh":6,"ecologics:walnut_sapling":3,"minecraft:wheat_seeds":6,"luminousworld:yellowpetunias":2,"minecraft:cobblestone":22},"minecraft:mined":{"gravestone:gravestone":1,"minecraft:grass":4,"minecraft:grass_block":1,"ecologics:walnut_leaves":6,"luminousworld:grassvariant_2":1,"luminousworld:grassvariant_3":2,"minecraft:tall_grass":3,"ecologics:walnut_log":3,"minecraft:oak_leaves":7},"minecraft:used":{"minecraft:stone_sword":14,"minecraft:wooden_sword":28,"minecraft:dirt":1,"ecologics:walnut":3},"minecraft:dropped":{"gravestone:obituary":1},"minecraft:crafted":{"minecraft:wooden_sword":1,"minecraft:stick":4,"ecologics:walnut_planks":12,"minecraft:stone_sword":1},"minecraft:killed":{"minecraft:skeleton":1,"born_in_chaos_v1:zombie_clown":1,"born_in_chaos_v1:bloody_gadfly":1,"luminousworld:monarch":1,"undead_revamp2:thesmoker":1,"born_in_chaos_v1:maggot":1},"minecraft:custom":{"minecraft:time_since_rest":2154,"minecraft:sprint_one_cm":31670,"minecraft:damage_taken":731,"minecraft:walk_one_cm":42563,"minecraft:mob_kills":6,"minecraft:drop":1,"minecraft:damage_dealt":1245,"minecraft:interact_with_crafting_table":4,"minecraft:fly_one_cm":37851,"minecraft:crouch_one_cm":1,"minecraft:play_time":17906,"minecraft:sneak_time":12,"minecraft:deaths":2,"minecraft:jump":192,"minecraft:damage_dealt_resisted":26,"minecraft:leave_game":2,"minecraft:time_since_death":2119,"minecraft:total_world_time":17906,"minecraft:fall_one_cm":4780},"minecraft:killed_by":{"minecraft:skeleton":1,"minecraft:creeper":1}},"DataVersion":3465}