{"stats":{"minecraft:dropped":{"minecraft:bread":11,"luminousworld:sunset_petunias":1,"minecraft:wheat_seeds":1,"luminousworld:white_petunias":1,"minecraft:cobblestone":16,"minecraft:prismarine_crystals":2,"minecraft:scute":1,"minecraft:stick":3,"minecraft:dirt":1,"born_in_chaos_v1:fused_bone":1,"minecraft:potion":1,"minecraft:chain":2,"gravestone:obituary":40,"minecraft:wither_rose":2,"minecraft:sugar":2,"minecraft:bone":1,"cannibal:bone_mask":1,"minecraft:gravel":2,"minecraft:stone_sword":2,"undead_revamp2:arapholia":3,"minecraft:rotten_flesh":4,"luminousworld:tall_deadbush":5,"alexsmobs:cooked_kangaroo_meat":1,"luminousworld:grassflowers":1,"ecologics:walnut":4,"minecraft:skeleton_skull":1,"luminousworld:groundpebbles_1":1,"luminousworld:elephant_grass":12,"minecraft:wooden_pickaxe":1,"iceandfire:manuscript":1},"minecraft:custom":{"minecraft:mob_kills":139,"minecraft:interact_with_crafting_table":43,"minecraft:open_barrel":9,"minecraft:damage_dealt_resisted":280,"minecraft:eat_cake_slice":8,"minecraft:leave_game":14,"minecraft:time_since_death":3326,"minecraft:climb_one_cm":13032,"minecraft:sprint_one_cm":678099,"minecraft:walk_one_cm":745265,"minecraft:drop":103,"minecraft:play_time":252195,"minecraft:sneak_time":3792,"minecraft:deaths":28,"minecraft:walk_under_water_one_cm":10280,"minecraft:jump":4144,"minecraft:interact_with_blast_furnace":4,"minecraft:total_world_time":252195,"minecraft:walk_on_water_one_cm":37633,"minecraft:interact_with_furnace":59,"minecraft:sleep_in_bed":2,"minecraft:time_since_rest":3359,"minecraft:damage_taken":10054,"minecraft:trigger_trapped_chest":2,"minecraft:damage_dealt":22369,"minecraft:swim_one_cm":23220,"minecraft:fly_one_cm":745981,"minecraft:player_kills":2,"minecraft:open_chest":68,"minecraft:crouch_one_cm":7113,"minecraft:fall_one_cm":123379},"minecraft:killed_by":{"undead_revamp2:thewolf":1,"minecraft:husk":4,"undead_revamp2:sucker":3,"minecraft:player":1,"undead_revamp2:the_moonflower":2,"minecraft:creeper":2,"minecraft:spider":3,"undead_revamp2:thespitter":1,"minecraft:skeleton":3,"iceandfire:lightning_dragon":1,"iceandfire:ghost":4,"born_in_chaos_v1:dread_hound":1,"undead_revamp2:thebeartamer":1},"minecraft:mined":{"luminousworld:white_petunias":1,"minecraft:dark_prismarine":3,"luminousworld:groundpebbles_1":1,"minecraft:farmland":3,"luminousworld:yellowpetunias":2,"iceandfire:copper_pile":1,"luminousworld:blue_petunias":2,"minecraft:black_banner":1,"gravestone:gravestone":26,"minecraft:acacia_log":19,"minecraft:grass_block":56,"minecraft:light_gray_bed":1,"iceandfire:lectern":1,"luminousworld:grassvariant_2":30,"travelersbackpack:white_sleeping_bag":2,"minecraft:mangrove_trapdoor":1,"minecraft:composter":1,"born_in_chaos_v1:gnawed_bones":1,"luminousworld:savanna_grass_2":41,"minecraft:large_fern":1,"luminousworld:yellow_grassflowers":2,"minecraft:furnace":1,"minecraft:carrots":4,"minecraft:iron_ore":7,"minecraft:potatoes":1,"minecraft:vine":9,"minecraft:cobblestone_slab":1,"minecraft:rail":2,"luminousworld:groundpebbles_2":2,"ecologics:walnut_log":8,"minecraft:stone":312,"minecraft:cake":1,"minecraft:player_head":1,"luminousworld:savannah_soil":27,"minecraft:acacia_leaves":6,"minecraft:glass_pane":3,"luminousworld:tall_deadbush":5,"minecraft:powder_snow":2,"minecraft:crafting_table":2,"minecraft:torch":11,"luminousworld:savannah_grass_1":30,"ecologics:walnut_leaves":58,"iceandfire:ghost_chest":1,"minecraft:chest":4,"minecraft:campfire":2,"luminousworld:grassflowers":2,"minecraft:tall_grass":49,"minecraft:cobblestone":15,"minecraft:wall_torch":3,"minecraft:skeleton_skull":1,"minecraft:wheat":98,"minecraft:redstone_torch":1,"minecraft:black_wall_banner":1,"born_in_chaos_v1:river_mint":3,"minecraft:wither_rose":1,"minecraft:grass":169,"minecraft:coal_ore":63,"minecraft:gravel":5,"minecraft:dirt":76,"minecraft:dripstone_block":1,"luminousworld:grassvariant_3":22,"minecraft:cobweb":19,"luminousworld:elephant_grass":13,"luminousworld:savannah_grass_4":25,"minecraft:oak_leaves":8,"minecraft:cyan_candle":2,"luminousworld:savannah_ground":5,"undead_revamp2:arapholia":3},"minecraft:broken":{"minecraft:stone_hoe":1,"minecraft:stone_pickaxe":3,"minecraft:iron_sword":1},"minecraft:killed":{"undead_revamp2:thewolf":2,"born_in_chaos_v1:zombie_clown":1,"undead_revamp2:thehunter":6,"minecraft:witch":1,"minecraft:spider":3,"undead_revamp2:thesmoker":1,"born_in_chaos_v1:thornshell_crab":1,"born_in_chaos_v1:maggot":6,"minecraft:skeleton":5,"minecraft:chicken":1,"luminousworld:monarch":1,"born_in_chaos_v1:corpse_fish":1,"undead_revamp2:sucker":3,"alexsmobs:kangaroo":2,"luminousworld:savannah_zombie":2,"undead_revamp2:thespitter":1,"born_in_chaos_v1:fallen_chaos_knight":1,"born_in_chaos_v1:spirit_guide":1,"minecraft:husk":6,"minecraft:pig":14,"born_in_chaos_v1:spirit_guide_assistant":2,"alexsmobs:seal":1,"undead_revamp2:the_moonflower":3,"undead_revamp2:thebeartamer":2,"aether:phyg":1,"born_in_chaos_v1:decrepit_skeleton":1,"minecraft:sheep":16,"born_in_chaos_v1:bloody_gadfly":2,"luminousworld:savannah_skeleton":2,"minecraft:zombie":10,"iceandfire:ghost":3,"born_in_chaos_v1:dread_hound":1,"alexsmobs:terrapin":1,"born_in_chaos_v1:corpse_fly":15,"alexsmobs:gazelle":3,"creeperoverhaul:savannah_creeper":1,"minecraft:cow":11},"minecraft:crafted":{"minecraft:wooden_sword":1,"minecraft:cobblestone_slab":6,"ecologics:walnut_planks":32,"minecraft:furnace":3,"minecraft:stone":27,"minecraft:bone_meal":69,"minecraft:cooked_mutton":24,"travelersbackpack:white_sleeping_bag":1,"minecraft:stone_pickaxe":3,"minecraft:chest":6,"minecraft:stone_hoe":2,"minecraft:cooked_beef":38,"minecraft:cooked_porkchop":28,"minecraft:crafting_table":1,"alexsmobs:cooked_kangaroo_meat":2,"minecraft:stone_axe":1,"minecraft:air":0,"minecraft:bread":25,"minecraft:white_wool":4,"minecraft:stick":28,"minecraft:wooden_axe":1,"minecraft:stone_sword":2,"minecraft:acacia_door":3,"minecraft:acacia_planks":76,"minecraft:torch":8},"minecraft:picked_up":{"luminousworld:groundpebbles_1":2,"minecraft:crafting_table":2,"minecraft:wheat":91,"born_in_chaos_v1:river_mint":3,"minecraft:chest_minecart":1,"minecraft:wither_rose":2,"minecraft:chain":2,"gravestone:obituary":12,"iceandfire:armor_silver_metal_chestplate":1,"alexsmobs:gazelle_horn":2,"iceandfire:manuscript":18,"minecraft:string":38,"cannibal:bone_mask":1,"minecraft:iron_axe":1,"minecraft:acacia_door":1,"minecraft:iron_leggings":2,"born_in_chaos_v1:intoxicating_decoction":2,"minecraft:item_frame":2,"ecologics:walnut_sapling":6,"minecraft:activator_rail":2,"alexsmobs:emu_feather":2,"minecraft:tnt_minecart":2,"minecraft:gold_nugget":16,"minecraft:bucket":1,"minecraft:beef":22,"minecraft:redstone_torch":1,"born_in_chaos_v1:gnawed_bones":1,"minecraft:cobblestone_slab":1,"minecraft:player_head":1,"minecraft:light_gray_wool":1,"minecraft:chest":4,"minecraft:furnace":1,"minecraft:raw_iron":7,"minecraft:stick":16,"iceandfire:ghost_chest":1,"luminousworld:blue_petunias":2,"ecologics:walnut_log":8,"minecraft:composter":1,"minecraft:torch":15,"minecraft:acacia_log":19,"luminousworld:savannah_soil":26,"minecraft:porkchop":28,"iceandfire:crackled_gravel":1,"luminousworld:beastiary":1,"born_in_chaos_v1:pieceofdarkmetal":4,"minecraft:carrot":4,"minecraft:redstone":3,"minecraft:mangrove_trapdoor":1,"iceandfire:armor_silver_metal_boots":1,"iceandfire:silver_ingot":2,"luminousworld:grassflowers":5,"minecraft:stone_sword":2,"minecraft:arrow":11,"minecraft:light_gray_bed":1,"minecraft:rotten_flesh":61,"luminousworld:yellow_grassflowers":1,"minecraft:pumpkin_pie":7,"born_in_chaos_v1:spiny_shell":3,"minecraft:gold_ingot":2,"minecraft:black_banner":2,"luminousworld:tall_deadbush":7,"alexsmobs:kangaroo_meat":1,"minecraft:mutton":26,"minecraft:iron_bars":1,"undead_revamp2:arapholia":6,"minecraft:skeleton_skull":2,"minecraft:white_wool":14,"minecraft:cobblestone":335,"born_in_chaos_v1:corpse_maggot":20,"ecologics:walnut":10,"luminousworld:savannah_ground":4,"minecraft:cooked_beef":6,"born_in_chaos_v1:monster_flesh":1,"minecraft:leather":10,"minecraft:potato":14,"minecraft:flint":1,"iceandfire:ectoplasm":3,"undead_revamp2:huntereye":1,"alexsmobs:cooked_kangaroo_meat":2,"minecraft:dirt":154,"born_in_chaos_v1:monster_skin":1,"minecraft:cooked_mutton":1,"minecraft:bone":20,"minecraft:wheat_seeds":267,"luminousworld:elephant_grass":17,"minecraft:cobweb":2,"minecraft:cyan_candle":4,"minecraft:iron_sword":2,"minecraft:dripstone_block":1,"luminousworld:sunset_petunias":2,"minecraft:gravel":3,"minecraft:dark_prismarine":3,"travelersbackpack:white_sleeping_bag":2,"alexsmobs:kangaroo_hide":2,"minecraft:sugar":2,"iceandfire:lectern":1,"luminousworld:yellowpetunias":5,"minecraft:iron_helmet":4,"minecraft:bone_meal":3,"minecraft:gray_wool":1,"minecraft:bread":4,"born_in_chaos_v1:rotten_fish":2,"minecraft:black_wool":1,"minecraft:coal":63},"minecraft:used":{"minecraft:beetroot":10,"minecraft:iron_bars":1,"minecraft:stone_sword":81,"minecraft:redstone":3,"luminousworld:tall_deadbush":2,"minecraft:chest":10,"minecraft:stone":25,"minecraft:iron_sword":363,"luminousworld:savannah_ground":1,"minecraft:torch":24,"minecraft:rotten_flesh":9,"minecraft:stone_hoe":134,"minecraft:mutton":3,"minecraft:dirt":112,"minecraft:wheat":1,"alexsmobs:cooked_kangaroo_meat":3,"minecraft:carrot":6,"born_in_chaos_v1:corpse_maggot":16,"minecraft:iron_axe":139,"iceandfire:ghost_chest":1,"luminousworld:elephant_grass":4,"minecraft:item_frame":2,"luminousworld:savannah_soil":22,"minecraft:light_gray_bed":1,"minecraft:furnace":5,"ecologics:walnut":6,"undead_revamp2:arapholia":3,"minecraft:potato":14,"minecraft:cooked_beef":5,"minecraft:cooked_mutton":4,"minecraft:wheat_seeds":167,"minecraft:water_bucket":68,"minecraft:stone_pickaxe":386,"minecraft:oak_planks":13,"minecraft:wooden_pickaxe":38,"minecraft:composter":1,"ecologics:walnut_sapling":10,"minecraft:cobblestone_slab":4,"luminousworld:yellowpetunias":3,"minecraft:crafting_table":3,"minecraft:black_banner":2,"born_in_chaos_v1:monster_flesh":1,"minecraft:string":2,"minecraft:acacia_door":2,"minecraft:bread":18,"travelersbackpack:white_sleeping_bag":2,"minecraft:tnt_minecart":1,"minecraft:stone_axe":13,"luminousworld:sunset_petunias":1,"minecraft:wooden_sword":28,"minecraft:cobblestone":30,"minecraft:bucket":69,"minecraft:pumpkin_pie":10,"minecraft:bone_meal":72,"iceandfire:lectern":1,"minecraft:cobweb":2}},"DataVersion":3465}