{"stats":{"minecraft:picked_up":{"minecraft:stick":13,"minecraft:cooked_beef":5,"minecraft:cooked_porkchop":4,"minecraft:leather":3,"minecraft:acacia_log":7,"minecraft:porkchop":7,"minecraft:oak_log":3,"minecraft:string":6,"minecraft:dirt":11,"minecraft:white_banner":3,"travelersbackpack:white_sleeping_bag":5,"minecraft:stone_sword":3,"minecraft:experience_bottle":2,"minecraft:acacia_planks":2,"minecraft:wheat_seeds":2,"minecraft:crossbow":4,"minecraft:beef":20,"minecraft:black_banner":2,"minecraft:oak_sapling":1,"minecraft:white_wool":3,"minecraft:cobblestone":1},"minecraft:killed":{"sculkhorde:sculk_mite_aggressor":1,"minecraft:pillager":4,"minecraft:pig":3,"minecraft:drowned":1,"minecraft:cow":4},"minecraft:used":{"minecraft:oak_log":3,"minecraft:stone_sword":54,"travelersbackpack:white_sleeping_bag":3,"minecraft:dirt":2,"minecraft:cobblestone":1,"minecraft:cooked_porkchop":4,"minecraft:white_banner":1,"minecraft:cooked_beef":1,"minecraft:experience_bottle":1},"minecraft:mined":{"minecraft:black_wall_banner":1,"minecraft:white_wall_banner":2,"minecraft:grass":3,"minecraft:acacia_log":7,"minecraft:grass_block":4,"minecraft:oak_log":3,"minecraft:dirt":3,"minecraft:tall_grass":1,"travelersbackpack:white_sleeping_bag":3,"minecraft:sculk":9,"minecraft:white_wool":3,"minecraft:oak_leaves":7},"minecraft:crafted":{"minecraft:cooked_beef":5,"travelersbackpack:white_sleeping_bag":1,"minecraft:cooked_porkchop":6,"minecraft:crafting_table":1,"minecraft:stick":4,"minecraft:acacia_planks":28,"minecraft:air":0},"minecraft:custom":{"minecraft:time_since_rest":3106,"minecraft:interact_with_furnace":11,"minecraft:sprint_one_cm":57301,"minecraft:damage_taken":1572,"minecraft:walk_one_cm":79182,"minecraft:mob_kills":13,"minecraft:drop":14,"minecraft:damage_dealt":2057,"minecraft:swim_one_cm":25837,"minecraft:interact_with_crafting_table":7,"minecraft:fly_one_cm":61927,"minecraft:open_barrel":3,"minecraft:open_chest":3,"minecraft:crouch_one_cm":534,"minecraft:play_time":40071,"minecraft:deaths":4,"minecraft:sneak_time":361,"minecraft:walk_under_water_one_cm":2182,"minecraft:jump":453,"minecraft:leave_game":2,"minecraft:walk_on_water_one_cm":12359,"minecraft:time_since_death":3077,"minecraft:sleep_in_bed":2,"minecraft:climb_one_cm":4638,"minecraft:total_world_time":40071,"minecraft:fall_one_cm":11851},"minecraft:dropped":{"minecraft:wheat_seeds":1,"minecraft:cooked_beef":2,"minecraft:crafting_table":1,"minecraft:oak_sapling":1,"minecraft:acacia_planks":9},"minecraft:killed_by":{"sculkhorde:sculk_mite_aggressor":1,"minecraft:pillager":2}},"DataVersion":3465}