{"stats":{"minecraft:picked_up":{"minecraft:iron_chestplate":1,"minecraft:crafting_table":4,"minecraft:wheat":60,"minecraft:chicken":10,"minecraft:diamond_sword":1,"minecraft:brewing_stand":2,"minecraft:shield":1,"minecraft:amethyst_block":12,"minecraft:string":12,"minecraft:raw_copper":18,"minecraft:iron_leggings":2,"minecraft:cobbled_deepslate":43,"minecraft:spruce_planks":54,"minecraft:beef":5,"minecraft:calcite":4,"minecraft:iron_pickaxe":1,"minecraft:sugar_cane":54,"minecraft:egg":5,"minecraft:iron_boots":2,"minecraft:furnace":7,"minecraft:stick":4,"minecraft:raw_iron":64,"minecraft:torch":41,"minecraft:bowl":1,"minecraft:porkchop":12,"minecraft:redstone":18,"minecraft:bamboo_button":12,"minecraft:tnt":70,"minecraft:stone_sword":2,"minecraft:arrow":12,"minecraft:rotten_flesh":21,"minecraft:hay_block":10,"minecraft:mutton":7,"minecraft:snowball":2,"minecraft:white_wool":5,"minecraft:cobblestone":119,"minecraft:feather":30,"minecraft:cooked_beef":3,"minecraft:leather":10,"minecraft:potato":6,"minecraft:tuff":3,"minecraft:oak_log":3,"minecraft:lapis_lazuli":12,"minecraft:dirt":77,"minecraft:name_tag":2,"minecraft:cooked_mutton":1,"minecraft:bone":24,"minecraft:wheat_seeds":6,"minecraft:raw_gold":21,"minecraft:stone_pickaxe":3,"minecraft:iron_ingot":27,"minecraft:iron_sword":3,"minecraft:cooked_porkchop":4,"minecraft:pumpkin":21,"minecraft:dandelion":2,"minecraft:spruce_sapling":1,"minecraft:white_bed":6,"minecraft:spruce_log":9,"minecraft:diamond":26,"minecraft:stone_axe":2,"minecraft:granite":3,"minecraft:bread":6,"minecraft:coal":93,"minecraft:ender_pearl":3},"minecraft:used":{"minecraft:stone_sword":28,"minecraft:spruce_planks":14,"minecraft:shield":2,"minecraft:iron_sword":143,"minecraft:cooked_chicken":9,"minecraft:rotten_flesh":6,"minecraft:torch":111,"minecraft:dirt":6,"minecraft:tuff":3,"minecraft:granite":3,"minecraft:snowball":2,"minecraft:beef":5,"minecraft:furnace":6,"minecraft:egg":5,"minecraft:cooked_beef":3,"minecraft:cobbled_deepslate":31,"minecraft:pumpkin":2,"minecraft:cooked_mutton":4,"minecraft:amethyst_block":8,"minecraft:stone_pickaxe":237,"minecraft:wooden_pickaxe":19,"minecraft:crafting_table":4,"minecraft:white_bed":4,"minecraft:oak_log":2,"minecraft:chicken":1,"minecraft:bread":6,"minecraft:iron_pickaxe":26,"minecraft:stone_axe":14,"minecraft:diamond_sword":44,"minecraft:cobblestone":58,"minecraft:cooked_porkchop":11},"minecraft:dropped":{"minecraft:iron_ingot":8,"minecraft:iron_sword":3,"minecraft:wheat_seeds":6,"minecraft:oak_log":1,"minecraft:crafting_table":1,"minecraft:dirt":7,"minecraft:iron_pickaxe":1,"minecraft:white_wool":2,"minecraft:redstone":9,"minecraft:furnace":1,"minecraft:stone_sword":2,"minecraft:bowl":1,"minecraft:wheat":30,"minecraft:white_bed":1,"minecraft:diamond_sword":1,"minecraft:shield":1,"minecraft:wooden_pickaxe":1,"minecraft:stone_pickaxe":3,"minecraft:calcite":4},"minecraft:crafted":{"minecraft:cooked_chicken":9,"minecraft:furnace":1,"minecraft:cooked_mutton":3,"minecraft:iron_boots":1,"minecraft:stone_pickaxe":3,"minecraft:wheat":90,"minecraft:cooked_beef":3,"minecraft:diamond_sword":2,"minecraft:cooked_porkchop":8,"minecraft:crafting_table":2,"minecraft:spruce_planks":36,"minecraft:wooden_pickaxe":1,"minecraft:iron_sword":1,"minecraft:stone_axe":1,"minecraft:air":0,"minecraft:iron_chestplate":2,"minecraft:shield":3,"minecraft:stick":48,"minecraft:iron_ingot":49,"minecraft:iron_leggings":1,"minecraft:white_bed":1,"minecraft:torch":124},"minecraft:custom":{"minecraft:mob_kills":52,"minecraft:interact_with_crafting_table":20,"minecraft:leave_game":2,"minecraft:time_since_death":5625,"minecraft:climb_one_cm":570,"minecraft:sprint_one_cm":248248,"minecraft:walk_one_cm":232495,"minecraft:damage_blocked_by_shield":45,"minecraft:drop":68,"minecraft:talked_to_villager":15,"minecraft:play_time":119287,"minecraft:deaths":9,"minecraft:sneak_time":5552,"minecraft:walk_under_water_one_cm":30478,"minecraft:boat_one_cm":17031,"minecraft:jump":1701,"minecraft:interact_with_brewingstand":2,"minecraft:interact_with_blast_furnace":1,"minecraft:walk_on_water_one_cm":37523,"minecraft:total_world_time":119287,"minecraft:interact_with_furnace":45,"minecraft:sleep_in_bed":3,"minecraft:time_since_rest":5851,"minecraft:damage_taken":2878,"minecraft:damage_dealt":8070,"minecraft:swim_one_cm":81613,"minecraft:fly_one_cm":231542,"minecraft:player_kills":5,"minecraft:open_chest":1,"minecraft:crouch_one_cm":8892,"minecraft:fall_one_cm":44802,"minecraft:horse_one_cm":4712},"minecraft:mined":{"minecraft:tuff":3,"minecraft:white_bed":4,"minecraft:deepslate_diamond_ore":15,"minecraft:sculk_vein":5,"minecraft:brewing_stand":1,"minecraft:budding_amethyst":2,"minecraft:grass_block":1,"minecraft:spruce_leaves":12,"minecraft:spawner":1,"minecraft:large_fern":3,"minecraft:hay_block":10,"minecraft:furnace":5,"minecraft:iron_ore":23,"minecraft:pumpkin":8,"minecraft:deepslate_lapis_ore":1,"minecraft:deepslate_iron_ore":18,"minecraft:small_amethyst_bud":2,"minecraft:stone":85,"minecraft:dandelion":1,"minecraft:crafting_table":3,"minecraft:torch":6,"minecraft:calcite":2,"minecraft:tall_grass":6,"minecraft:copper_ore":2,"minecraft:cobblestone":1,"minecraft:deepslate_gold_ore":3,"minecraft:sugar_cane":7,"minecraft:sculk":66,"minecraft:wall_torch":2,"minecraft:amethyst_block":10,"minecraft:spruce_log":10,"minecraft:tnt":17,"minecraft:bee_nest":1,"minecraft:grass":25,"minecraft:coal_ore":46,"minecraft:gravel":1,"minecraft:dirt":5,"minecraft:cobweb":8,"minecraft:smooth_basalt":1,"minecraft:deepslate":27,"minecraft:fern":2},"minecraft:killed":{"minecraft:cave_spider":1,"minecraft:spider":4,"minecraft:skeleton":9,"minecraft:bee":1,"minecraft:chicken":11,"minecraft:drowned":1,"minecraft:pig":5,"minecraft:zombie_villager":1,"minecraft:sheep":3,"minecraft:zombie":11,"minecraft:cow":3,"minecraft:enderman":2}},"DataVersion":3465}