{"stats":{"minecraft:picked_up":{"luminousworld:savannah_ground":1,"born_in_chaos_v1:corpse_maggot":13,"luminousworld:groundpebbles_1":1,"minecraft:crafting_table":1,"ecologics:walnut":3,"minecraft:wheat":3,"born_in_chaos_v1:monster_flesh":1,"minecraft:wither_rose":1,"gravestone:obituary":3,"alexsmobs:cooked_kangaroo_meat":2,"alexsmobs:gazelle_horn":2,"minecraft:dirt":17,"minecraft:string":2,"minecraft:iron_axe":1,"born_in_chaos_v1:monster_skin":1,"born_in_chaos_v1:intoxicating_decoction":2,"minecraft:bone":9,"ecologics:walnut_sapling":3,"minecraft:wheat_seeds":7,"alexsmobs:emu_feather":2,"luminousworld:elephant_grass":8,"minecraft:stick":1,"ecologics:walnut_log":3,"minecraft:torch":1,"minecraft:acacia_log":17,"minecraft:dripstone_block":1,"luminousworld:sunset_petunias":1,"luminousworld:savannah_soil":4,"born_in_chaos_v1:pieceofdarkmetal":4,"minecraft:stone_sword":2,"luminousworld:grassflowers":3,"alexsmobs:kangaroo_hide":2,"minecraft:arrow":5,"minecraft:rotten_flesh":14,"luminousworld:yellowpetunias":2,"minecraft:iron_bars":1,"luminousworld:tall_deadbush":4,"born_in_chaos_v1:rotten_fish":1,"minecraft:black_wool":1,"minecraft:mutton":6,"minecraft:coal":29,"alexsmobs:kangaroo_meat":1,"minecraft:white_wool":2,"minecraft:cobblestone":88},"minecraft:used":{"minecraft:stone_sword":43,"minecraft:stone_pickaxe":103,"minecraft:oak_planks":13,"luminousworld:tall_deadbush":2,"minecraft:wooden_pickaxe":4,"ecologics:walnut_sapling":7,"minecraft:rotten_flesh":9,"luminousworld:yellowpetunias":2,"minecraft:torch":4,"minecraft:dirt":2,"minecraft:mutton":3,"minecraft:crafting_table":1,"alexsmobs:cooked_kangaroo_meat":3,"minecraft:carrot":1,"born_in_chaos_v1:corpse_maggot":11,"born_in_chaos_v1:monster_flesh":1,"minecraft:iron_axe":121,"luminousworld:elephant_grass":1,"minecraft:wooden_sword":28,"minecraft:cobblestone":19,"minecraft:furnace":1,"ecologics:walnut":3,"minecraft:pumpkin_pie":3,"minecraft:beetroot":10},"minecraft:mined":{"luminousworld:savannah_soil":5,"luminousworld:groundpebbles_1":1,"minecraft:acacia_leaves":2,"luminousworld:tall_deadbush":2,"minecraft:powder_snow":2,"minecraft:crafting_table":1,"gravestone:gravestone":10,"luminousworld:savannah_grass_1":7,"minecraft:acacia_log":17,"minecraft:grass_block":2,"ecologics:walnut_leaves":6,"luminousworld:grassvariant_2":1,"minecraft:tall_grass":5,"minecraft:cobblestone":3,"minecraft:wall_torch":1,"luminousworld:savanna_grass_2":4,"minecraft:large_fern":1,"minecraft:wither_rose":1,"minecraft:vine":3,"minecraft:grass":4,"minecraft:coal_ore":29,"minecraft:dripstone_block":1,"minecraft:dirt":1,"luminousworld:grassvariant_3":2,"ecologics:walnut_log":3,"luminousworld:elephant_grass":7,"minecraft:stone":71,"luminousworld:savannah_grass_4":3,"minecraft:oak_leaves":7,"luminousworld:savannah_ground":2},"minecraft:broken":{"minecraft:stone_pickaxe":1},"minecraft:dropped":{"minecraft:stone_sword":2,"luminousworld:white_petunias":1,"luminousworld:tall_deadbush":2,"minecraft:cobblestone":16,"minecraft:prismarine_crystals":2,"minecraft:scute":1,"alexsmobs:cooked_kangaroo_meat":1,"luminousworld:grassflowers":1,"luminousworld:groundpebbles_1":1,"born_in_chaos_v1:fused_bone":1,"gravestone:obituary":16,"luminousworld:elephant_grass":7,"minecraft:bone":1},"minecraft:crafted":{"minecraft:wooden_sword":1,"ecologics:walnut_planks":12,"alexsmobs:cooked_kangaroo_meat":2,"minecraft:furnace":1,"minecraft:air":0,"minecraft:stick":4,"minecraft:stone_sword":1,"minecraft:torch":8},"minecraft:custom":{"minecraft:mob_kills":43,"minecraft:interact_with_crafting_table":8,"minecraft:open_barrel":3,"minecraft:damage_dealt_resisted":72,"minecraft:leave_game":7,"minecraft:time_since_death":342,"minecraft:time_since_rest":369,"minecraft:sprint_one_cm":195088,"minecraft:damage_taken":3812,"minecraft:walk_one_cm":238282,"minecraft:trigger_trapped_chest":1,"minecraft:drop":37,"minecraft:damage_dealt":7224,"minecraft:swim_one_cm":11197,"minecraft:fly_one_cm":232448,"minecraft:player_kills":1,"minecraft:play_time":78665,"minecraft:crouch_one_cm":3092,"minecraft:sneak_time":1756,"minecraft:deaths":11,"minecraft:walk_under_water_one_cm":1940,"minecraft:jump":1420,"minecraft:interact_with_blast_furnace":2,"minecraft:total_world_time":78665,"minecraft:walk_on_water_one_cm":797,"minecraft:fall_one_cm":45256,"minecraft:interact_with_furnace":15},"minecraft:killed":{"born_in_chaos_v1:zombie_clown":1,"born_in_chaos_v1:fallen_chaos_knight":1,"born_in_chaos_v1:spirit_guide":1,"undead_revamp2:thehunter":1,"born_in_chaos_v1:spirit_guide_assistant":2,"alexsmobs:seal":1,"undead_revamp2:thesmoker":1,"born_in_chaos_v1:decrepit_skeleton":1,"born_in_chaos_v1:maggot":1,"minecraft:sheep":3,"minecraft:skeleton":2,"born_in_chaos_v1:bloody_gadfly":1,"iceandfire:ghost":3,"born_in_chaos_v1:dread_hound":1,"alexsmobs:terrapin":1,"born_in_chaos_v1:corpse_fly":10,"alexsmobs:gazelle":3,"luminousworld:monarch":1,"born_in_chaos_v1:corpse_fish":1,"creeperoverhaul:savannah_creeper":1,"undead_revamp2:sucker":2,"alexsmobs:kangaroo":2,"luminousworld:savannah_zombie":2},"minecraft:killed_by":{"minecraft:husk":1,"minecraft:player":1,"minecraft:skeleton":3,"minecraft:creeper":1,"minecraft:spider":1,"iceandfire:ghost":3,"born_in_chaos_v1:dread_hound":1}},"DataVersion":3465}