{"stats":{"minecraft:picked_up":{"luminousworld:groundpebbles_1":2,"minecraft:wheat":71,"minecraft:crafting_table":2,"born_in_chaos_v1:river_mint":3,"minecraft:wither_rose":2,"gravestone:obituary":9,"minecraft:chain":2,"cannibal:bone_mask":1,"alexsmobs:gazelle_horn":2,"iceandfire:manuscript":18,"minecraft:string":16,"minecraft:iron_axe":1,"born_in_chaos_v1:intoxicating_decoction":2,"ecologics:walnut_sapling":6,"alexsmobs:emu_feather":2,"minecraft:gold_nugget":16,"minecraft:bucket":1,"minecraft:chest":4,"minecraft:furnace":1,"minecraft:stick":2,"iceandfire:ghost_chest":1,"luminousworld:blue_petunias":2,"ecologics:walnut_log":8,"minecraft:composter":1,"minecraft:torch":5,"minecraft:acacia_log":17,"luminousworld:savannah_soil":26,"born_in_chaos_v1:pieceofdarkmetal":4,"minecraft:rotten_flesh":42,"luminousworld:grassflowers":5,"minecraft:stone_sword":2,"iceandfire:silver_ingot":2,"minecraft:arrow":7,"luminousworld:yellow_grassflowers":1,"born_in_chaos_v1:spiny_shell":3,"minecraft:gold_ingot":2,"luminousworld:tall_deadbush":7,"undead_revamp2:arapholia":1,"minecraft:mutton":6,"alexsmobs:kangaroo_meat":1,"minecraft:iron_bars":1,"minecraft:skeleton_skull":2,"minecraft:white_wool":2,"minecraft:cobblestone":237,"born_in_chaos_v1:corpse_maggot":15,"ecologics:walnut":10,"luminousworld:savannah_ground":4,"born_in_chaos_v1:monster_flesh":1,"minecraft:flint":1,"iceandfire:ectoplasm":3,"alexsmobs:cooked_kangaroo_meat":2,"minecraft:dirt":142,"born_in_chaos_v1:monster_skin":1,"minecraft:bone":17,"minecraft:wheat_seeds":209,"luminousworld:elephant_grass":16,"minecraft:cobweb":2,"minecraft:iron_sword":1,"minecraft:dripstone_block":1,"luminousworld:sunset_petunias":2,"minecraft:gravel":2,"alexsmobs:kangaroo_hide":2,"minecraft:sugar":2,"luminousworld:yellowpetunias":5,"minecraft:bone_meal":3,"born_in_chaos_v1:rotten_fish":1,"minecraft:black_wool":1,"minecraft:coal":29},"minecraft:used":{"minecraft:beetroot":10,"minecraft:iron_bars":1,"minecraft:stone_sword":81,"minecraft:chest":10,"luminousworld:tall_deadbush":2,"minecraft:stone":3,"minecraft:iron_sword":58,"minecraft:stone_hoe":133,"luminousworld:savannah_ground":1,"minecraft:rotten_flesh":9,"minecraft:torch":13,"minecraft:dirt":89,"minecraft:mutton":3,"minecraft:wheat":1,"alexsmobs:cooked_kangaroo_meat":3,"minecraft:carrot":1,"born_in_chaos_v1:corpse_maggot":13,"minecraft:iron_axe":139,"iceandfire:ghost_chest":1,"luminousworld:elephant_grass":4,"luminousworld:savannah_soil":22,"minecraft:furnace":5,"ecologics:walnut":6,"minecraft:wheat_seeds":136,"minecraft:water_bucket":68,"minecraft:stone_pickaxe":234,"minecraft:oak_planks":13,"minecraft:wooden_pickaxe":38,"minecraft:composter":1,"ecologics:walnut_sapling":10,"luminousworld:yellowpetunias":3,"minecraft:crafting_table":2,"minecraft:acacia_door":1,"minecraft:bread":6,"born_in_chaos_v1:monster_flesh":1,"minecraft:string":2,"minecraft:stone_axe":5,"luminousworld:sunset_petunias":1,"minecraft:wooden_sword":28,"minecraft:cobblestone":30,"minecraft:bucket":69,"minecraft:pumpkin_pie":3,"minecraft:bone_meal":72,"minecraft:cobweb":2},"minecraft:mined":{"undead_revamp2:arapholia":1,"luminousworld:groundpebbles_1":1,"minecraft:farmland":3,"luminousworld:yellowpetunias":2,"luminousworld:blue_petunias":2,"gravestone:gravestone":18,"minecraft:acacia_log":17,"minecraft:grass_block":56,"luminousworld:grassvariant_2":28,"minecraft:composter":1,"luminousworld:savanna_grass_2":39,"minecraft:large_fern":1,"minecraft:furnace":1,"luminousworld:yellow_grassflowers":1,"minecraft:vine":3,"luminousworld:groundpebbles_2":2,"ecologics:walnut_log":8,"minecraft:stone":214,"luminousworld:savannah_soil":27,"minecraft:acacia_leaves":2,"luminousworld:tall_deadbush":5,"minecraft:powder_snow":2,"minecraft:crafting_table":2,"minecraft:torch":2,"luminousworld:savannah_grass_1":27,"ecologics:walnut_leaves":58,"iceandfire:ghost_chest":1,"minecraft:chest":4,"luminousworld:grassflowers":2,"minecraft:tall_grass":48,"minecraft:cobblestone":14,"minecraft:wall_torch":1,"minecraft:skeleton_skull":1,"minecraft:wheat":68,"born_in_chaos_v1:river_mint":3,"minecraft:wither_rose":1,"minecraft:grass":149,"minecraft:coal_ore":29,"minecraft:gravel":4,"minecraft:dirt":64,"minecraft:dripstone_block":1,"luminousworld:grassvariant_3":19,"luminousworld:savannah_grass_4":22,"luminousworld:elephant_grass":13,"minecraft:oak_leaves":7,"luminousworld:savannah_ground":5},"minecraft:broken":{"minecraft:stone_hoe":1,"minecraft:stone_pickaxe":2},"minecraft:dropped":{"minecraft:bread":6,"luminousworld:sunset_petunias":1,"minecraft:wheat_seeds":1,"luminousworld:white_petunias":1,"minecraft:cobblestone":16,"minecraft:prismarine_crystals":2,"minecraft:scute":1,"minecraft:dirt":1,"born_in_chaos_v1:fused_bone":1,"minecraft:chain":2,"gravestone:obituary":25,"minecraft:wither_rose":2,"cannibal:bone_mask":1,"minecraft:bone":1,"minecraft:gravel":2,"minecraft:stone_sword":2,"undead_revamp2:arapholia":1,"luminousworld:tall_deadbush":2,"alexsmobs:cooked_kangaroo_meat":1,"luminousworld:grassflowers":1,"ecologics:walnut":4,"minecraft:skeleton_skull":1,"luminousworld:groundpebbles_1":1,"luminousworld:elephant_grass":12,"minecraft:wooden_pickaxe":1,"iceandfire:manuscript":1},"minecraft:crafted":{"minecraft:wooden_sword":1,"ecologics:walnut_planks":32,"minecraft:furnace":3,"minecraft:stone":5,"minecraft:bone_meal":69,"minecraft:stone_pickaxe":2,"minecraft:chest":6,"minecraft:stone_hoe":2,"alexsmobs:cooked_kangaroo_meat":2,"minecraft:stone_axe":1,"minecraft:bread":12,"minecraft:air":0,"minecraft:white_wool":3,"minecraft:stick":24,"minecraft:wooden_axe":1,"minecraft:stone_sword":2,"minecraft:acacia_door":3,"minecraft:acacia_planks":68,"minecraft:torch":8},"minecraft:custom":{"minecraft:mob_kills":65,"minecraft:interact_with_crafting_table":27,"minecraft:open_barrel":3,"minecraft:damage_dealt_resisted":72,"minecraft:leave_game":7,"minecraft:time_since_death":5024,"minecraft:sprint_one_cm":384625,"minecraft:walk_one_cm":486213,"minecraft:drop":75,"minecraft:deaths":20,"minecraft:play_time":168665,"minecraft:sneak_time":3374,"minecraft:walk_under_water_one_cm":9598,"minecraft:jump":2657,"minecraft:interact_with_blast_furnace":2,"minecraft:walk_on_water_one_cm":34908,"minecraft:total_world_time":168665,"minecraft:interact_with_furnace":21,"minecraft:time_since_rest":5054,"minecraft:damage_taken":6560,"minecraft:trigger_trapped_chest":2,"minecraft:damage_dealt":11614,"minecraft:swim_one_cm":22143,"minecraft:fly_one_cm":462975,"minecraft:player_kills":2,"minecraft:open_chest":30,"minecraft:crouch_one_cm":6463,"minecraft:fall_one_cm":78240},"minecraft:killed":{"born_in_chaos_v1:zombie_clown":1,"minecraft:witch":1,"undead_revamp2:thehunter":1,"minecraft:spider":3,"undead_revamp2:thesmoker":1,"born_in_chaos_v1:thornshell_crab":1,"born_in_chaos_v1:maggot":3,"minecraft:skeleton":4,"luminousworld:monarch":1,"born_in_chaos_v1:corpse_fish":1,"undead_revamp2:sucker":3,"luminousworld:savannah_zombie":2,"alexsmobs:kangaroo":2,"born_in_chaos_v1:fallen_chaos_knight":1,"born_in_chaos_v1:spirit_guide":1,"born_in_chaos_v1:spirit_guide_assistant":2,"undead_revamp2:the_moonflower":2,"alexsmobs:seal":1,"undead_revamp2:thebeartamer":2,"born_in_chaos_v1:decrepit_skeleton":1,"minecraft:sheep":3,"born_in_chaos_v1:bloody_gadfly":1,"luminousworld:savannah_skeleton":2,"minecraft:zombie":3,"born_in_chaos_v1:dread_hound":1,"iceandfire:ghost":3,"alexsmobs:terrapin":1,"born_in_chaos_v1:corpse_fly":12,"alexsmobs:gazelle":3,"creeperoverhaul:savannah_creeper":1},"minecraft:killed_by":{"minecraft:husk":1,"undead_revamp2:sucker":3,"minecraft:player":1,"undead_revamp2:the_moonflower":2,"minecraft:creeper":2,"minecraft:spider":2,"minecraft:skeleton":3,"iceandfire:ghost":4,"born_in_chaos_v1:dread_hound":1,"undead_revamp2:thebeartamer":1}},"DataVersion":3465}