{"stats":{"minecraft:picked_up":{"minecraft:crafting_table":2,"minecraft:feather":6,"minecraft:cooked_beef":5,"minecraft:leather":11,"minecraft:brown_wool":1,"minecraft:oak_log":3,"minecraft:dirt":17,"minecraft:string":12,"minecraft:white_banner":3,"minecraft:experience_bottle":2,"minecraft:acacia_planks":32,"travelersbackpack:cow":3,"minecraft:wheat_seeds":5,"minecraft:beef":31,"minecraft:stone_pickaxe":1,"minecraft:iron_nugget":8,"minecraft:stick":22,"minecraft:cooked_porkchop":4,"minecraft:acacia_log":7,"minecraft:porkchop":10,"minecraft:iron_horse_armor":1,"minecraft:spider_eye":4,"travelersbackpack:white_sleeping_bag":9,"minecraft:stone_sword":5,"minecraft:crossbow":4,"minecraft:black_banner":2,"minecraft:bread":6,"minecraft:oak_sapling":1,"minecraft:black_wool":6,"minecraft:mutton":5,"minecraft:white_wool":11,"minecraft:cobblestone":5},"minecraft:killed":{"minecraft:pig":5,"minecraft:spider":2,"sculkhorde:sculk_mite_aggressor":1,"minecraft:sheep":3,"minecraft:pillager":4,"minecraft:drowned":1,"minecraft:cow":9},"minecraft:used":{"travelersbackpack:cow":2,"minecraft:stone_sword":92,"minecraft:stone_pickaxe":6,"minecraft:dirt":2,"minecraft:oak_log":3,"minecraft:black_wool":1,"minecraft:bread":1,"travelersbackpack:white_sleeping_bag":5,"minecraft:cobblestone":1,"minecraft:white_banner":1,"minecraft:cooked_porkchop":4,"minecraft:cooked_beef":2,"minecraft:experience_bottle":1,"minecraft:cobweb":1},"minecraft:mined":{"minecraft:acacia_log":7,"minecraft:grass_block":4,"travelersbackpack:white_sleeping_bag":5,"minecraft:tall_grass":4,"minecraft:sculk":9,"minecraft:black_wall_banner":1,"minecraft:white_wall_banner":2,"minecraft:black_wool":1,"minecraft:grass":5,"minecraft:oak_log":3,"travelersbackpack:cow":1,"minecraft:dirt":5,"minecraft:cobweb":1,"minecraft:stone":4,"minecraft:white_wool":3,"minecraft:oak_leaves":7},"minecraft:crafted":{"minecraft:cooked_beef":5,"minecraft:cooked_porkchop":6,"minecraft:crafting_table":1,"minecraft:air":0,"travelersbackpack:white_sleeping_bag":1,"minecraft:stick":4,"minecraft:acacia_planks":28},"minecraft:custom":{"minecraft:interact_with_furnace":11,"minecraft:mob_kills":25,"minecraft:interact_with_crafting_table":8,"minecraft:open_barrel":9,"minecraft:leave_game":3,"minecraft:time_since_death":6608,"minecraft:sleep_in_bed":3,"minecraft:climb_one_cm":6729,"minecraft:time_since_rest":6641,"minecraft:sprint_one_cm":95564,"minecraft:damage_taken":2132,"minecraft:walk_one_cm":111338,"minecraft:drop":14,"minecraft:damage_dealt":3341,"minecraft:swim_one_cm":53929,"minecraft:fly_one_cm":120164,"minecraft:open_chest":3,"minecraft:crouch_one_cm":1037,"minecraft:play_time":64202,"minecraft:deaths":6,"minecraft:sneak_time":831,"minecraft:walk_under_water_one_cm":10571,"minecraft:boat_one_cm":11723,"minecraft:jump":775,"minecraft:walk_on_water_one_cm":20690,"minecraft:total_world_time":64202,"minecraft:fall_one_cm":20313},"minecraft:dropped":{"minecraft:wheat_seeds":1,"minecraft:cooked_beef":2,"minecraft:crafting_table":1,"minecraft:oak_sapling":1,"minecraft:acacia_planks":9},"minecraft:killed_by":{"sculkhorde:sculk_mite_aggressor":1,"minecraft:creeper":1,"minecraft:pillager":2}},"DataVersion":3465}