{"stats":{"minecraft:picked_up":{"born_in_chaos_v1:corpse_maggot":2,"minecraft:stick":1,"minecraft:wheat":3,"ecologics:walnut":3,"ecologics:walnut_log":3,"luminousworld:savannah_soil":1,"alexsmobs:gazelle_horn":1,"minecraft:dirt":16,"born_in_chaos_v1:intoxicating_decoction":2,"minecraft:bone":1,"minecraft:arrow":2,"luminousworld:grassflowers":3,"minecraft:rotten_flesh":6,"ecologics:walnut_sapling":3,"minecraft:wheat_seeds":7,"luminousworld:yellowpetunias":2,"luminousworld:elephant_grass":2,"luminousworld:savannah_ground":1,"minecraft:black_wool":1,"minecraft:mutton":3,"minecraft:coal":6,"luminousworld:groundpebbles_1":1,"minecraft:white_wool":2,"minecraft:cobblestone":47},"minecraft:mined":{"minecraft:coal_ore":6,"luminousworld:savannah_grass_1":2,"gravestone:gravestone":4,"minecraft:grass":4,"minecraft:grass_block":1,"ecologics:walnut_leaves":6,"luminousworld:grassvariant_2":1,"luminousworld:grassvariant_3":2,"minecraft:tall_grass":4,"ecologics:walnut_log":3,"minecraft:stone":25,"luminousworld:elephant_grass":2,"luminousworld:savannah_ground":1,"luminousworld:savannah_soil":1,"minecraft:oak_leaves":7,"luminousworld:groundpebbles_1":1},"minecraft:used":{"minecraft:beetroot":10,"minecraft:stone_sword":28,"minecraft:stone_pickaxe":32,"minecraft:oak_planks":5,"luminousworld:yellowpetunias":2,"minecraft:wooden_sword":28,"minecraft:dirt":1,"minecraft:cobblestone":8,"minecraft:carrot":1,"ecologics:walnut":3,"minecraft:pumpkin_pie":3},"minecraft:dropped":{"luminousworld:groundpebbles_1":1,"minecraft:cobblestone":16,"gravestone:obituary":4},"minecraft:crafted":{"minecraft:wooden_sword":1,"minecraft:stick":4,"ecologics:walnut_planks":12,"minecraft:stone_sword":1},"minecraft:killed":{"minecraft:sheep":3,"minecraft:skeleton":1,"born_in_chaos_v1:zombie_clown":1,"born_in_chaos_v1:bloody_gadfly":1,"alexsmobs:gazelle":1,"luminousworld:monarch":1,"undead_revamp2:thesmoker":1,"born_in_chaos_v1:maggot":1},"minecraft:custom":{"minecraft:time_since_rest":5493,"minecraft:sprint_one_cm":75737,"minecraft:damage_taken":1721,"minecraft:walk_one_cm":85579,"minecraft:mob_kills":10,"minecraft:drop":6,"minecraft:damage_dealt":1677,"minecraft:player_kills":1,"minecraft:open_barrel":3,"minecraft:interact_with_crafting_table":6,"minecraft:fly_one_cm":84099,"minecraft:crouch_one_cm":1093,"minecraft:play_time":29906,"minecraft:sneak_time":414,"minecraft:deaths":5,"minecraft:jump":446,"minecraft:damage_dealt_resisted":26,"minecraft:interact_with_blast_furnace":2,"minecraft:leave_game":2,"minecraft:time_since_death":5462,"minecraft:total_world_time":29906,"minecraft:fall_one_cm":11292},"minecraft:killed_by":{"minecraft:husk":1,"born_in_chaos_v1:dread_hound":1,"minecraft:skeleton":2,"minecraft:creeper":1}},"DataVersion":3465}