{"stats":{"minecraft:picked_up":{"minecraft:cooked_beef":5,"minecraft:leather":4,"minecraft:brown_wool":1,"minecraft:oak_log":3,"minecraft:dirt":12,"minecraft:string":8,"minecraft:white_banner":3,"minecraft:experience_bottle":2,"minecraft:acacia_planks":2,"travelersbackpack:cow":1,"minecraft:wheat_seeds":5,"minecraft:beef":26,"minecraft:stick":13,"minecraft:cooked_porkchop":4,"minecraft:acacia_log":7,"minecraft:porkchop":10,"travelersbackpack:white_sleeping_bag":5,"minecraft:stone_sword":3,"minecraft:crossbow":4,"minecraft:black_banner":2,"minecraft:bread":6,"minecraft:oak_sapling":1,"minecraft:black_wool":1,"minecraft:mutton":3,"minecraft:white_wool":4,"minecraft:cobblestone":1},"minecraft:killed":{"minecraft:pig":5,"minecraft:spider":1,"sculkhorde:sculk_mite_aggressor":1,"minecraft:sheep":2,"minecraft:pillager":4,"minecraft:drowned":1,"minecraft:cow":6},"minecraft:used":{"minecraft:stone_sword":79,"minecraft:dirt":2,"minecraft:oak_log":3,"minecraft:bread":1,"travelersbackpack:white_sleeping_bag":3,"minecraft:cobblestone":1,"minecraft:white_banner":1,"minecraft:cooked_porkchop":4,"minecraft:cooked_beef":2,"minecraft:experience_bottle":1,"minecraft:cobweb":1},"minecraft:mined":{"minecraft:acacia_log":7,"minecraft:grass_block":4,"travelersbackpack:white_sleeping_bag":3,"minecraft:tall_grass":4,"minecraft:sculk":9,"minecraft:black_wall_banner":1,"minecraft:white_wall_banner":2,"minecraft:grass":4,"minecraft:oak_log":3,"minecraft:dirt":3,"minecraft:cobweb":1,"minecraft:white_wool":3,"minecraft:oak_leaves":7},"minecraft:crafted":{"minecraft:cooked_beef":5,"minecraft:cooked_porkchop":6,"minecraft:crafting_table":1,"minecraft:air":0,"travelersbackpack:white_sleeping_bag":1,"minecraft:stick":4,"minecraft:acacia_planks":28},"minecraft:custom":{"minecraft:interact_with_furnace":11,"minecraft:mob_kills":20,"minecraft:interact_with_crafting_table":8,"minecraft:open_barrel":9,"minecraft:leave_game":2,"minecraft:time_since_death":15077,"minecraft:sleep_in_bed":2,"minecraft:climb_one_cm":6729,"minecraft:time_since_rest":15106,"minecraft:sprint_one_cm":78945,"minecraft:damage_taken":1662,"minecraft:walk_one_cm":101621,"minecraft:drop":14,"minecraft:damage_dealt":2801,"minecraft:swim_one_cm":32467,"minecraft:fly_one_cm":103758,"minecraft:open_chest":3,"minecraft:crouch_one_cm":1033,"minecraft:play_time":52071,"minecraft:deaths":4,"minecraft:sneak_time":732,"minecraft:walk_under_water_one_cm":3373,"minecraft:jump":656,"minecraft:walk_on_water_one_cm":15876,"minecraft:total_world_time":52071,"minecraft:fall_one_cm":18873},"minecraft:dropped":{"minecraft:wheat_seeds":1,"minecraft:cooked_beef":2,"minecraft:crafting_table":1,"minecraft:oak_sapling":1,"minecraft:acacia_planks":9},"minecraft:killed_by":{"sculkhorde:sculk_mite_aggressor":1,"minecraft:pillager":2}},"DataVersion":3465}