{"stats":{"minecraft:picked_up":{"luminousworld:groundpebbles_1":1,"minecraft:crafting_table":2,"iceandfire:witherbone":1,"born_in_chaos_v1:river_mint":2,"gravestone:obituary":5,"alexsmobs:gazelle_horn":2,"minecraft:iron_axe":1,"minecraft:beetroot":1,"ecologics:walnut_sapling":7,"alexsmobs:emu_feather":2,"born_in_chaos_v1:gnawed_bones":1,"minecraft:furnace":2,"minecraft:stick":5,"minecraft:raw_iron":8,"iceandfire:ghost_chest":1,"luminousworld:blue_petunias":2,"minecraft:copper_ingot":2,"minecraft:oak_fence":1,"minecraft:acacia_log":6,"luminousworld:savannah_soil":4,"cannibal:stone_saw":1,"minecraft:pointed_dripstone":2,"minecraft:diorite":2,"minecraft:prismarine_crystals":2,"luminousworld:grassflowers":1,"minecraft:arrow":6,"minecraft:rotten_flesh":10,"luminousworld:yellow_grassflowers":1,"luminousworld:tall_deadbush":2,"minecraft:mutton":4,"undead_revamp2:arapholia":1,"minecraft:iron_bars":1,"minecraft:skeleton_skull":2,"alexsmobs:kangaroo_meat":8,"minecraft:cobblestone":140,"born_in_chaos_v1:fused_bone":1,"born_in_chaos_v1:corpse_maggot":11,"luminousworld:savannah_ground":6,"ecologics:walnut":3,"minecraft:feather":3,"cannibal:bone_sword":1,"minecraft:oak_log":15,"iceandfire:ectoplasm":1,"alexsmobs:cooked_kangaroo_meat":1,"minecraft:gunpowder":1,"minecraft:dirt":5,"minecraft:lantern":2,"minecraft:name_tag":1,"minecraft:bone":4,"minecraft:wheat_seeds":10,"minecraft:cooked_chicken":1,"luminousworld:elephant_grass":16,"luminousworld:white_petunias":1,"minecraft:oak_planks":1,"luminousworld:sunset_petunias":1,"alexsmobs:kangaroo_hide":6,"minecraft:scute":1,"born_in_chaos_v1:rotten_fish":2,"minecraft:coal":66,"iceandfire:raw_silver":3},"minecraft:used":{"minecraft:oak_fence":84,"minecraft:beetroot":1,"minecraft:iron_bars":1,"minecraft:stone_sword":230,"minecraft:iron_sword":154,"luminousworld:savannah_ground":1,"minecraft:cooked_chicken":1,"minecraft:rotten_flesh":7,"minecraft:torch":4,"minecraft:dirt":1,"alexsmobs:cooked_kangaroo_meat":4,"born_in_chaos_v1:corpse_maggot":10,"minecraft:iron_axe":13,"minecraft:lantern":7,"minecraft:grass_block":185,"cannibal:cannibal_spawn_egg":1,"minecraft:glowstone":1,"luminousworld:savannah_soil":1,"minecraft:furnace":3,"ecologics:walnut":3,"minecraft:gold_block":5,"minecraft:trapped_chest":2,"minecraft:pointed_dripstone":1,"minecraft:cooked_mutton":3,"minecraft:water_bucket":1,"minecraft:birch_planks":127,"minecraft:stone_pickaxe":166,"cannibal:stone_saw":57,"minecraft:oak_planks":18,"minecraft:wooden_pickaxe":16,"minecraft:crafting_table":3,"cannibal:cannibal_butcher_spawn_egg":1,"minecraft:spruce_log":98,"minecraft:oak_log":30,"minecraft:birch_slab":78,"alexsmobs:kangaroo_meat":2,"minecraft:jungle_stairs":47,"cannibal:bone_sword":5,"minecraft:gravel":20,"minecraft:stone_axe":3,"luminousworld:sunset_petunias":1,"minecraft:cobblestone":152,"born_in_chaos_v1:rotten_fish":2,"minecraft:bucket":1,"minecraft:chain":8,"born_in_chaos_v1:wood_splitter_axe":6,"minecraft:birch_stairs":58},"minecraft:mined":{"luminousworld:white_petunias":1,"iceandfire:silver_ore":3,"luminousworld:grassvariant_4":11,"luminousworld:blue_petunias":1,"gravestone:gravestone":13,"minecraft:acacia_log":3,"minecraft:grass_block":1,"luminousworld:grassvariant_2":6,"luminousworld:savanna_grass_2":49,"minecraft:large_fern":1,"luminousworld:sunset_petunias":2,"minecraft:furnace":2,"minecraft:iron_ore":8,"minecraft:vine":2,"minecraft:iron_bars":2,"minecraft:pointed_dripstone":2,"minecraft:stone":105,"luminousworld:savannah_soil":3,"minecraft:acacia_leaves":1,"luminousworld:tall_deadbush":3,"minecraft:powder_snow":1,"minecraft:crafting_table":2,"luminousworld:savannah_grass_1":49,"iceandfire:ghost_chest":1,"luminousworld:grassflowers":1,"minecraft:tall_grass":13,"minecraft:cobblestone":7,"minecraft:oak_planks":1,"minecraft:diorite":1,"minecraft:skeleton_skull":1,"minecraft:grass":35,"minecraft:oak_log":18,"minecraft:coal_ore":30,"minecraft:dirt":3,"luminousworld:grassvariant_3":4,"luminousworld:savannah_grass_4":57,"luminousworld:elephant_grass":23,"minecraft:oak_leaves":3,"luminousworld:savannah_ground":5},"minecraft:broken":{"minecraft:stone_pickaxe":1,"minecraft:iron_axe":1},"minecraft:dropped":{"minecraft:wheat_seeds":2,"minecraft:oak_fence":1,"minecraft:cobblestone":22,"minecraft:acacia_log":3,"minecraft:dirt":4,"minecraft:diorite":1,"minecraft:mutton":1,"luminousworld:savannah_ground":2,"gravestone:obituary":7,"minecraft:iron_axe":2,"minecraft:pointed_dripstone":1,"luminousworld:tall_deadbush":2,"luminousworld:savannah_soil":2,"alexsmobs:cooked_kangaroo_meat":2,"born_in_chaos_v1:corpse_maggot":1,"minecraft:arrow":2,"luminousworld:blue_petunias":2},"minecraft:crafted":{"minecraft:oak_planks":60,"minecraft:furnace":2,"minecraft:bone_meal":3,"minecraft:cooked_mutton":3,"minecraft:iron_axe":1,"minecraft:stone_pickaxe":4,"iceandfire:silver_ingot":3,"minecraft:crafting_table":1,"minecraft:wooden_pickaxe":1,"alexsmobs:cooked_kangaroo_meat":5,"minecraft:iron_sword":1,"minecraft:bucket":1,"minecraft:stone_axe":1,"minecraft:air":0,"minecraft:stick":16,"minecraft:iron_ingot":8,"minecraft:stone_sword":2,"minecraft:torch":4},"minecraft:custom":{"minecraft:mob_kills":58,"minecraft:interact_with_crafting_table":14,"minecraft:open_barrel":1,"minecraft:damage_dealt_resisted":139,"minecraft:leave_game":22,"minecraft:time_since_death":4002,"minecraft:climb_one_cm":1208,"minecraft:sprint_one_cm":425560,"minecraft:walk_one_cm":347571,"minecraft:drop":26,"minecraft:play_time":203341,"minecraft:deaths":15,"minecraft:sneak_time":2718,"minecraft:walk_under_water_one_cm":42,"minecraft:jump":2606,"minecraft:interact_with_blast_furnace":5,"minecraft:walk_on_water_one_cm":501,"minecraft:total_world_time":203341,"minecraft:interact_with_furnace":15,"minecraft:time_since_rest":4035,"minecraft:damage_taken":4571,"minecraft:trigger_trapped_chest":7,"minecraft:damage_dealt":12748,"minecraft:swim_one_cm":594,"minecraft:fly_one_cm":1284995,"minecraft:player_kills":1,"minecraft:open_chest":1,"minecraft:crouch_one_cm":2277,"minecraft:fall_one_cm":76550},"minecraft:killed":{"luminousworld:miner_zombie":1,"cannibal:cannibal":1,"born_in_chaos_v1:maggot":1,"minecraft:skeleton":3,"minecraft:horse":1,"undead_revamp2:therod":1,"undead_revamp2:sucker":4,"alexsmobs:kangaroo":4,"luminousworld:savannah_zombie":1,"born_in_chaos_v1:barrel_zombie":1,"minecraft:pig":1,"born_in_chaos_v1:spirit_guide_assistant":2,"undead_revamp2:the_moonflower":2,"alexsmobs:seal":4,"cannibal:cannibal_butcher":1,"iceandfire:cockatrice":1,"born_in_chaos_v1:decrepit_skeleton":1,"alexsmobs:emu":2,"minecraft:zombie":1,"ecologics:squirrel":1,"iceandfire:ghost":3,"born_in_chaos_v1:dread_hound":1,"born_in_chaos_v1:corpse_fly":11,"alexsmobs:gazelle":7},"minecraft:killed_by":{"minecraft:husk":1,"minecraft:player":1,"undead_revamp2:the_moonflower":1,"born_in_chaos_v1:corpse_fly":1,"born_in_chaos_v1:zombie_clown":1,"undead_revamp2:clogger":1,"undead_revamp2:thehunter":1,"undead_revamp2:therod":1,"iceandfire:ghost":2,"iceandfire:cockatrice":1,"born_in_chaos_v1:dread_hound":1,"luminousworld:savannah_skeleton":1}},"DataVersion":3465}