{"stats":{"minecraft:picked_up":{"minecraft:fishing_rod":1,"minecraft:crafting_table":8,"minecraft:iron_chestplate":2,"minecraft:wheat":8,"minecraft:chicken":1,"minecraft:diamond_sword":1,"minecraft:wooden_pickaxe":3,"minecraft:shield":3,"minecraft:string":4,"minecraft:iron_axe":1,"minecraft:cobbled_deepslate":63,"minecraft:spruce_planks":40,"minecraft:beef":16,"minecraft:iron_pickaxe":5,"minecraft:sugar_cane":57,"minecraft:furnace":5,"minecraft:egg":1,"minecraft:stick":42,"minecraft:raw_iron":69,"minecraft:torch":13,"minecraft:bowl":1,"minecraft:porkchop":8,"minecraft:diorite":6,"minecraft:redstone":9,"minecraft:tnt":1,"minecraft:stone_sword":7,"minecraft:arrow":13,"minecraft:rotten_flesh":19,"minecraft:hay_block":10,"minecraft:gold_ingot":4,"minecraft:mutton":13,"minecraft:cod":4,"minecraft:snowball":4,"minecraft:white_wool":15,"minecraft:cobblestone":152,"minecraft:feather":1,"minecraft:cooked_beef":7,"minecraft:salmon":2,"minecraft:leather":6,"minecraft:tuff":1,"minecraft:oak_log":96,"minecraft:gunpowder":1,"minecraft:lapis_lazuli":36,"minecraft:dirt":47,"minecraft:bone":15,"minecraft:apple":4,"minecraft:bow":1,"minecraft:wheat_seeds":5,"minecraft:raw_gold":24,"minecraft:iron_ingot":17,"minecraft:stone_pickaxe":1,"minecraft:glass_bottle":2,"minecraft:iron_sword":3,"minecraft:oak_planks":7,"minecraft:smooth_basalt":4,"minecraft:cooked_porkchop":5,"minecraft:pumpkin":4,"minecraft:gravel":3,"minecraft:white_bed":3,"minecraft:spruce_log":27,"minecraft:diamond":7,"minecraft:granite":6,"minecraft:oak_sapling":11,"minecraft:coal":44},"minecraft:broken":{"minecraft:stone_pickaxe":1},"minecraft:used":{"minecraft:netherite_sword":9,"minecraft:stone_sword":134,"minecraft:shield":5,"minecraft:iron_sword":46,"minecraft:rotten_flesh":8,"minecraft:torch":60,"minecraft:dirt":5,"minecraft:tuff":1,"minecraft:snowball":4,"minecraft:iron_axe":62,"minecraft:spruce_button":1,"minecraft:oak_sapling":1,"minecraft:furnace":2,"minecraft:egg":1,"minecraft:cooked_beef":10,"minecraft:cobbled_deepslate":22,"minecraft:cooked_mutton":4,"minecraft:oak_planks":6,"minecraft:stone_pickaxe":117,"minecraft:wooden_pickaxe":16,"minecraft:tnt":41,"minecraft:crafting_table":9,"minecraft:crossbow":6,"minecraft:white_bed":2,"minecraft:spruce_log":3,"minecraft:bamboo_button":4,"minecraft:bread":6,"minecraft:iron_pickaxe":194,"minecraft:gravel":3,"minecraft:cat_spawn_egg":11,"minecraft:fishing_rod":6,"minecraft:diamond_sword":32,"minecraft:cobblestone":77,"minecraft:porkchop":1,"minecraft:cooked_porkchop":4,"minecraft:oak_boat":1},"minecraft:dropped":{"minecraft:iron_ingot":6,"minecraft:bread":5,"minecraft:iron_sword":1,"minecraft:wheat_seeds":3,"minecraft:cooked_porkchop":7,"minecraft:feather":1,"minecraft:cobblestone":1,"minecraft:leather":3,"minecraft:granite":3,"minecraft:cod":2,"minecraft:dirt":14,"minecraft:diorite":2,"minecraft:iron_pickaxe":2,"minecraft:white_wool":8,"minecraft:smooth_basalt":1,"minecraft:bone":8,"minecraft:furnace":1,"minecraft:stone_sword":7,"minecraft:cobbled_deepslate":1,"minecraft:bowl":1,"minecraft:chicken":1,"minecraft:rotten_flesh":4,"minecraft:salmon":1,"minecraft:diamond_sword":1,"minecraft:gunpowder":1,"minecraft:spruce_planks":6,"minecraft:oak_sapling":8,"minecraft:arrow":3,"minecraft:wooden_pickaxe":1,"minecraft:raw_gold":5},"minecraft:killed_by":{"minecraft:player":5},"minecraft:crafted":{"minecraft:oak_planks":180,"minecraft:fishing_rod":1,"minecraft:spruce_button":4,"minecraft:furnace":1,"minecraft:cooked_mutton":5,"minecraft:iron_axe":1,"minecraft:stone_pickaxe":1,"minecraft:cooked_beef":10,"minecraft:cooked_porkchop":6,"minecraft:crafting_table":3,"minecraft:spruce_planks":76,"minecraft:wooden_pickaxe":1,"minecraft:iron_sword":1,"minecraft:air":0,"minecraft:oak_boat":1,"minecraft:iron_chestplate":1,"minecraft:stick":24,"minecraft:iron_ingot":17,"minecraft:iron_pickaxe":1,"minecraft:stone_sword":2,"minecraft:gold_ingot":4,"minecraft:white_bed":1,"minecraft:torch":96},"minecraft:custom":{"minecraft:mob_kills":46,"minecraft:interact_with_crafting_table":24,"minecraft:bell_ring":21,"minecraft:leave_game":4,"minecraft:time_since_death":175,"minecraft:climb_one_cm":844,"minecraft:sprint_one_cm":387297,"minecraft:walk_one_cm":202158,"minecraft:damage_blocked_by_shield":100,"minecraft:drop":46,"minecraft:play_time":148564,"minecraft:deaths":9,"minecraft:sneak_time":3236,"minecraft:walk_under_water_one_cm":5127,"minecraft:boat_one_cm":31587,"minecraft:jump":1973,"minecraft:interact_with_blast_furnace":1,"minecraft:walk_on_water_one_cm":35366,"minecraft:total_world_time":148564,"minecraft:interact_with_furnace":43,"minecraft:sleep_in_bed":3,"minecraft:time_since_rest":228,"minecraft:damage_taken":3976,"minecraft:damage_dealt":7962,"minecraft:swim_one_cm":37310,"minecraft:fly_one_cm":386176,"minecraft:open_chest":3,"minecraft:crouch_one_cm":6520,"minecraft:fish_caught":3,"minecraft:fall_one_cm":50324},"minecraft:mined":{"minecraft:tuff":1,"minecraft:white_bed":2,"minecraft:deepslate_diamond_ore":5,"minecraft:sculk_vein":8,"minecraft:granite":3,"minecraft:grass_block":2,"minecraft:large_fern":2,"minecraft:hay_block":11,"minecraft:redstone_ore":2,"minecraft:furnace":3,"minecraft:iron_ore":38,"minecraft:cobbled_deepslate":1,"minecraft:pumpkin":3,"minecraft:deepslate_iron_ore":31,"minecraft:stone":96,"minecraft:crafting_table":6,"minecraft:torch":2,"minecraft:sculk_sensor":2,"minecraft:cobblestone":2,"minecraft:lapis_ore":2,"minecraft:deepslate_gold_ore":21,"minecraft:sugar_cane":9,"minecraft:oak_planks":3,"minecraft:sculk":46,"minecraft:diorite":6,"minecraft:wall_torch":4,"minecraft:seagrass":1,"minecraft:spruce_log":20,"minecraft:grass":20,"minecraft:oak_log":53,"minecraft:coal_ore":46,"minecraft:gravel":2,"minecraft:dirt":4,"minecraft:smooth_basalt":1,"minecraft:oak_leaves":9,"minecraft:deepslate":37,"minecraft:fern":1},"minecraft:killed":{"minecraft:witch":1,"minecraft:spider":1,"minecraft:skeleton":6,"minecraft:bee":2,"minecraft:chicken":1,"minecraft:cat":2,"minecraft:pig":4,"minecraft:creeper":1,"minecraft:sheep":7,"minecraft:zombie":11,"minecraft:cow":8,"minecraft:enderman":1}},"DataVersion":3465}