{"stats":{"minecraft:custom":{"minecraft:time_since_rest":52423,"minecraft:crouch_one_cm":33,"minecraft:sprint_one_cm":13323,"minecraft:play_time":52423,"minecraft:damage_taken":40,"minecraft:walk_one_cm":18106,"minecraft:sneak_time":273,"minecraft:trigger_trapped_chest":5,"minecraft:mob_kills":1,"minecraft:jump":98,"minecraft:damage_dealt":151,"minecraft:leave_game":10,"minecraft:time_since_death":52423,"minecraft:total_world_time":52423,"minecraft:fall_one_cm":659,"minecraft:fly_one_cm":272395},"minecraft:killed":{"minecraft:pig":1},"minecraft:picked_up":{"minecraft:lantern":1},"minecraft:used":{"minecraft:birch_planks":59,"minecraft:lantern":5,"minecraft:oak_planks":4,"minecraft:gold_block":5,"minecraft:trapped_chest":2,"minecraft:jungle_stairs":47,"minecraft:spruce_log":35,"minecraft:birch_stairs":14}},"DataVersion":3465}