{"stats":{"minecraft:dropped":{"minecraft:iron_sword":3,"minecraft:cooked_beef":6,"ecologics:coconut_slice":1,"minecraft:leather":2,"iceandfire:ectoplasm":1,"minecraft:cracked_stone_bricks":1,"alexsmobs:bison_fur":3,"iceandfire:graveyard_soil":2,"minecraft:red_carpet":1,"ecologics:walnut_planks":1,"minecraft:dirt":28,"minecraft:mutton":1,"gravestone:obituary":29,"minecraft:pumpkin_pie":7,"minecraft:bone_meal":3,"minecraft:bone":5,"minecraft:stone_axe":1,"minecraft:wheat":5,"minecraft:pointed_dripstone":1,"minecraft:rotten_flesh":7,"luminousworld:tall_deadbush":5,"luminousworld:savannah_soil":2,"luminousworld:grassflowers":2,"iceandfire:ghost_chest":1,"iceandfire:armor_silver_metal_boots":1,"born_in_chaos_v1:corpse_maggot":1,"minecraft:arrow":4,"luminousworld:beastiary":1,"minecraft:bread":4,"minecraft:wheat_seeds":12,"minecraft:iron_helmet":4,"minecraft:oak_fence":1,"minecraft:cobblestone":23,"minecraft:acacia_log":3,"minecraft:diorite":1,"luminousworld:savannah_ground":2,"iceandfire:armor_silver_metal_chestplate":1,"minecraft:iron_leggings":2,"minecraft:iron_axe":2,"minecraft:string":6,"minecraft:pink_petals":1,"minecraft:bucket":1,"alexsmobs:cooked_kangaroo_meat":2,"luminousworld:yellow_grassflowers":1,"minecraft:potato":1,"iceandfire:silver_ingot":1,"minecraft:spider_eye":1,"luminousworld:elephant_grass":2,"luminousworld:blue_petunias":2,"minecraft:stone_pickaxe":1},"minecraft:killed_by":{"undead_revamp2:sucker":2,"undead_revamp2:the_moonflower":3,"minecraft:creeper":1,"born_in_chaos_v1:corpse_fly":2,"undead_revamp2:clogger":1,"born_in_chaos_v1:diamond_termite":1,"minecraft:husk":2,"minecraft:player":2,"minecraft:spider":1,"born_in_chaos_v1:zombie_clown":1,"alexsmobs:bison":2,"undead_revamp2:thehunter":2,"undead_revamp2:therod":1,"minecraft:skeleton":1,"iceandfire:ghost":2,"iceandfire:cockatrice":1,"born_in_chaos_v1:dread_hound":1,"undead_revamp2:thebeartamer":3,"luminousworld:savannah_skeleton":1},"minecraft:custom":{"minecraft:animals_bred":1,"minecraft:interact_with_crafting_table":49,"minecraft:open_barrel":5,"minecraft:bell_ring":1,"minecraft:eat_cake_slice":10,"minecraft:leave_game":25,"minecraft:time_since_death":34450,"minecraft:sprint_one_cm":1335424,"minecraft:drop":98,"minecraft:talked_to_villager":4,"minecraft:play_time":403722,"minecraft:deaths":38,"minecraft:jump":7100,"minecraft:interact_with_brewingstand":1,"minecraft:walk_on_water_one_cm":21048,"twilightforest:skull_candles_made":1,"minecraft:interact_with_furnace":84,"minecraft:traded_with_villager":4,"minecraft:sleep_in_bed":6,"minecraft:damage_dealt":38417,"minecraft:player_kills":1,"minecraft:crouch_one_cm":3596,"minecraft:interact_with_smithing_table":1,"minecraft:mob_kills":194,"minecraft:damage_dealt_resisted":2388,"minecraft:climb_one_cm":19453,"minecraft:walk_one_cm":861916,"minecraft:damage_dealt_absorbed":0,"minecraft:sneak_time":3956,"minecraft:walk_under_water_one_cm":4723,"minecraft:interact_with_blast_furnace":10,"minecraft:total_world_time":403722,"minecraft:interact_with_stonecutter":1,"minecraft:time_since_rest":28321,"minecraft:damage_taken":14286,"minecraft:trigger_trapped_chest":7,"minecraft:swim_one_cm":15730,"minecraft:fly_one_cm":2332488,"minecraft:open_chest":83,"minecraft:fall_one_cm":228010},"minecraft:mined":{"luminousworld:white_petunias":3,"luminousworld:yellowpetunias":6,"minecraft:granite":3,"minecraft:acacia_log":6,"minecraft:grass_block":39,"born_in_chaos_v1:dark_metal_deposit":2,"luminousworld:savanna_grass_2":62,"minecraft:spawner":3,"minecraft:iron_ore":65,"minecraft:pointed_dripstone":2,"minecraft:iron_bars":2,"luminousworld:tall_deadbush":7,"minecraft:powder_snow":1,"born_in_chaos_v1:infected_deepslate_diamond_ore":1,"minecraft:torch":3,"iceandfire:ghost_chest":2,"minecraft:chest":1,"minecraft:cobblestone":12,"minecraft:cyan_bed":2,"minecraft:oak_planks":1,"minecraft:wall_torch":2,"minecraft:pink_petals":3,"minecraft:skeleton_skull":1,"ecologics:seashell":1,"minecraft:birch_log":7,"minecraft:wheat":60,"minecraft:grass":275,"minecraft:oak_log":48,"minecraft:dirt":10,"luminousworld:grassvariant_3":54,"born_in_chaos_v1:infernal_evil_pumpkin_s":1,"luminousworld:savannah_grass_4":67,"minecraft:oak_leaves":11,"minecraft:cyan_candle":3,"luminousworld:savannah_ground":5,"luminousworld:groundpebbles_1":1,"minecraft:red_carpet":1,"minecraft:tuff":3,"iceandfire:silver_ore":16,"minecraft:mossy_cobblestone":1,"luminousworld:grassvariant_4":42,"luminousworld:blue_petunias":6,"born_in_chaos_v1:infected_diamond_ore":2,"gravestone:gravestone":37,"born_in_chaos_v1:black_argillite":2,"luminousworld:grassvariant_2":84,"luminousworld:clovers_2":1,"born_in_chaos_v1:gnawed_bones":1,"luminousworld:groundpebbles_3":2,"minecraft:large_fern":1,"luminousworld:sunset_petunias":2,"minecraft:furnace":3,"minecraft:carrots":5,"luminousworld:yellow_grassflowers":3,"minecraft:andesite":10,"minecraft:potatoes":20,"minecraft:deepslate_iron_ore":15,"minecraft:vine":3,"luminousworld:groundpebbles_2":1,"minecraft:stone":194,"minecraft:white_wool":3,"luminousworld:savannah_soil":3,"minecraft:acacia_leaves":1,"minecraft:glass_pane":4,"minecraft:crafting_table":9,"luminousworld:savannah_grass_1":56,"minecraft:lightning_rod":1,"luminousworld:grassflowers":5,"minecraft:tall_grass":97,"minecraft:deepslate_gold_ore":3,"minecraft:diorite":4,"luminousworld:whiteoaklog":2,"minecraft:redstone_torch":1,"minecraft:coal_ore":101,"luminousworld:ishstone":1,"minecraft:gravel":1,"minecraft:cracked_stone_bricks":1,"luminousworld:elephant_grass":28,"minecraft:mossy_stone_bricks":3,"undead_revamp2:arapholia":2},"minecraft:broken":{"minecraft:stone_pickaxe":2,"minecraft:iron_sword":2,"minecraft:stone_sword":1,"minecraft:iron_axe":1,"aether:leather_gloves":1},"minecraft:killed":{"luminousworld:miner_zombie":1,"alexsmobs:lobster":6,"cannibal:cannibal":1,"minecraft:spider":8,"alexsmobs:murmur":1,"undead_revamp2:thesmoker":2,"undead_revamp2:theswarmer":1,"born_in_chaos_v1:scarlet_persecutor":2,"minecraft:skeleton":15,"minecraft:chicken":7,"undead_revamp2:therod":1,"undead_revamp2:thespitter":2,"alexsmobs:kangaroo":4,"minecraft:pig":2,"minecraft:zombie_villager":1,"born_in_chaos_v1:diamond_termite":4,"alexsmobs:seal":6,"undead_revamp2:theheavy":1,"minecraft:creeper":1,"iceandfire:cockatrice":1,"minecraft:sheep":3,"minecraft:zombie":12,"born_in_chaos_v1:dread_hound":3,"born_in_chaos_v1:corpse_fly":32,"minecraft:cow":15,"undead_revamp2:thehunter":2,"undead_revamp2:thegliter":1,"born_in_chaos_v1:maggot":4,"minecraft:horse":1,"alexsmobs:bison":4,"born_in_chaos_v1:corpse_fish":1,"undead_revamp2:sucker":7,"luminousworld:savannah_zombie":4,"born_in_chaos_v1:barrel_zombie":1,"born_in_chaos_v1:fallen_chaos_knight":1,"minecraft:husk":1,"born_in_chaos_v1:baby_skeleton":1,"born_in_chaos_v1:spirit_guide_assistant":2,"undead_revamp2:the_moonflower":5,"cannibal:cannibal_butcher":1,"born_in_chaos_v1:decrepit_skeleton":3,"alexsmobs:emu":2,"born_in_chaos_v1:bloody_gadfly":1,"undead_revamp2:thesomnolence":4,"iceandfire:ghost":4,"ecologics:squirrel":2,"alexsmobs:gazelle":7},"minecraft:crafted":{"minecraft:oak_planks":104,"minecraft:cooked_chicken":5,"iceandfire:lectern":1,"minecraft:stone":53,"minecraft:cooked_mutton":3,"iceandfire:armor_silver_metal_chestplate":1,"minecraft:iron_boots":1,"minecraft:chest":1,"minecraft:oak_button":9,"minecraft:cooked_porkchop":3,"minecraft:crafting_table":4,"minecraft:acacia_slab":6,"minecraft:wooden_pickaxe":1,"minecraft:iron_helmet":2,"minecraft:iron_chestplate":1,"minecraft:stick":96,"minecraft:iron_ingot":71,"minecraft:iron_pickaxe":1,"minecraft:stone_sword":3,"minecraft:gold_ingot":3,"minecraft:composter":1,"minecraft:furnace":3,"minecraft:bone_meal":33,"minecraft:flint_and_steel":1,"luminousworld:white_oak_slab":6,"minecraft:iron_axe":1,"luminousworld:white_oak_plank":8,"born_in_chaos_v1:fried_maggot":9,"minecraft:stone_pickaxe":6,"iceandfire:armor_silver_metal_boots":1,"minecraft:cooked_beef":20,"iceandfire:silver_ingot":16,"alexsmobs:cooked_kangaroo_meat":5,"minecraft:iron_sword":6,"minecraft:bucket":2,"minecraft:stone_axe":3,"minecraft:air":0,"minecraft:bread":34,"minecraft:iron_leggings":2,"minecraft:acacia_planks":8,"minecraft:torch":164},"minecraft:picked_up":{"minecraft:wheat":34,"minecraft:potion":1,"born_in_chaos_v1:black_argillite":2,"iceandfire:manuscript":3,"alexsmobs:gazelle_horn":2,"cannibal:bone_mask":1,"minecraft:string":10,"minecraft:iron_leggings":1,"minecraft:armor_stand":1,"minecraft:beetroot":1,"alexsmobs:emu_feather":2,"minecraft:tnt_minecart":1,"minecraft:redstone_torch":1,"minecraft:furnace":3,"minecraft:stick":5,"iceandfire:ghost_chest":2,"minecraft:oak_fence":1,"minecraft:torch":5,"minecraft:acacia_log":9,"luminousworld:savannah_soil":4,"minecraft:porkchop":3,"minecraft:lightning_rod":1,"cannibal:stone_saw":1,"minecraft:pointed_dripstone":2,"minecraft:diorite":5,"luminousworld:grassflowers":5,"minecraft:rotten_flesh":50,"luminousworld:yellow_grassflowers":5,"luminousworld:tall_deadbush":5,"minecraft:obsidian":2,"minecraft:iron_bars":1,"undead_revamp2:arapholia":8,"alexsmobs:lobster_tail":5,"minecraft:cobblestone":241,"minecraft:birch_log":7,"minecraft:pink_petals":1,"luminousworld:savannah_ground":6,"ecologics:walnut":7,"minecraft:feather":6,"cannibal:bone_sword":1,"minecraft:andesite":9,"minecraft:potato":35,"alexsmobs:bison_fur":3,"minecraft:tuff":3,"undead_revamp2:huntereye":1,"alexsmobs:cooked_kangaroo_meat":1,"minecraft:dirt":48,"minecraft:lantern":2,"minecraft:name_tag":1,"born_in_chaos_v1:monster_skin":1,"minecraft:bone":25,"minecraft:wheat_seeds":170,"minecraft:raw_gold":3,"luminousworld:elephant_grass":19,"minecraft:mossy_stone_bricks":3,"minecraft:cyan_candle":4,"minecraft:oak_planks":1,"minecraft:cyan_bed":2,"alexsmobs:kangaroo_hide":6,"luminousworld:yellowpetunias":5,"minecraft:granite":3,"minecraft:bone_meal":8,"minecraft:golden_apple":1,"minecraft:bread":11,"born_in_chaos_v1:rotten_fish":2,"iceandfire:raw_silver":16,"minecraft:crafting_table":7,"undead_revamp2:bostroxingot":1,"luminousworld:groundpebbles_1":6,"born_in_chaos_v1:diamond_termite_shard":3,"iceandfire:witherbone":1,"minecraft:chicken":5,"born_in_chaos_v1:river_mint":4,"born_in_chaos_v1:seedof_chaos":1,"ecologics:seashell":1,"gravestone:obituary":5,"minecraft:iron_axe":1,"minecraft:flint_and_steel":1,"minecraft:item_frame":1,"ecologics:walnut_sapling":7,"iceandfire:graveyard_soil":2,"minecraft:cracked_stone_bricks":2,"minecraft:beef":63,"born_in_chaos_v1:gnawed_bones":3,"minecraft:chest":1,"minecraft:raw_iron":80,"luminousworld:blue_petunias":7,"ecologics:coconut_slice":4,"minecraft:copper_ingot":2,"minecraft:carrot":18,"born_in_chaos_v1:pieceofdarkmetal":5,"minecraft:prismarine_crystals":2,"iceandfire:silver_ingot":1,"minecraft:arrow":16,"minecraft:gold_ingot":2,"minecraft:glow_berries":1,"minecraft:mutton":9,"minecraft:skeleton_skull":2,"alexsmobs:kangaroo_meat":8,"minecraft:white_wool":6,"born_in_chaos_v1:fused_bone":1,"born_in_chaos_v1:corpse_maggot":31,"born_in_chaos_v1:monster_flesh":1,"luminousworld:ishstone":2,"minecraft:leather":13,"minecraft:oak_log":45,"iceandfire:ectoplasm":2,"minecraft:gunpowder":2,"minecraft:red_carpet":1,"minecraft:apple":1,"minecraft:iron_ingot":1,"minecraft:stone_pickaxe":1,"minecraft:cooked_chicken":1,"luminousworld:white_petunias":2,"minecraft:iron_sword":1,"luminousworld:clovers_1":1,"born_in_chaos_v1:ethereal_spirit":2,"luminousworld:sunset_petunias":1,"minecraft:gravel":1,"minecraft:amethyst_shard":5,"minecraft:spider_eye":3,"luminousworld:whiteoaklog":2,"undead_revamp2:rawbostrox":1,"minecraft:slime_ball":5,"minecraft:stone_axe":1,"minecraft:iron_helmet":1,"minecraft:scute":1,"minecraft:coal":140},"minecraft:used":{"iceandfire:lectern":1,"minecraft:beetroot":3,"minecraft:chest":1,"minecraft:iron_sword":706,"minecraft:player_head":1,"luminousworld:savannah_ground":1,"minecraft:rotten_flesh":49,"minecraft:carrot":39,"born_in_chaos_v1:corpse_maggot":21,"alexsmobs:lobster_tail":4,"minecraft:lantern":7,"minecraft:grass_block":185,"born_in_chaos_v1:gnawed_bones":2,"luminousworld:elephant_grass":1,"minecraft:item_frame":1,"ecologics:walnut_planks":3,"minecraft:furnace":5,"minecraft:gold_block":5,"minecraft:potato":41,"minecraft:stone_pickaxe":372,"minecraft:oak_planks":18,"minecraft:wooden_pickaxe":16,"minecraft:composter":1,"luminousworld:groundpebbles_1":2,"luminousworld:yellowpetunias":7,"minecraft:white_wool":3,"minecraft:glow_berries":1,"minecraft:redstone_torch":1,"minecraft:birch_slab":78,"minecraft:cyan_bed":1,"minecraft:bread":34,"cannibal:bone_sword":5,"minecraft:gravel":20,"ecologics:coconut_slice":3,"born_in_chaos_v1:rotten_fish":2,"minecraft:chain":8,"minecraft:bone_meal":37,"minecraft:oak_fence":84,"minecraft:iron_bars":1,"minecraft:stone_sword":380,"minecraft:acacia_log":3,"minecraft:flint_and_steel":1,"born_in_chaos_v1:fried_maggot":9,"minecraft:cooked_chicken":1,"minecraft:torch":144,"minecraft:dirt":4,"luminousworld:grassflowers":4,"alexsmobs:cooked_kangaroo_meat":4,"minecraft:wooden_axe":1,"minecraft:iron_axe":13,"cannibal:cannibal_spawn_egg":1,"minecraft:acacia_slab":1,"undead_revamp2:huntereye":1,"minecraft:glowstone":1,"minecraft:beef":9,"luminousworld:savannah_soil":1,"luminousworld:blue_petunias":5,"ecologics:walnut":7,"minecraft:trapped_chest":2,"undead_revamp2:arapholia":7,"minecraft:cooked_beef":14,"minecraft:pointed_dripstone":1,"minecraft:wheat_seeds":118,"minecraft:cooked_mutton":3,"minecraft:water_bucket":2,"minecraft:birch_planks":127,"minecraft:cyan_candle":4,"cannibal:stone_saw":57,"luminousworld:yellow_grassflowers":4,"luminousworld:white_petunias":1,"minecraft:crafting_table":10,"cannibal:cannibal_butcher_spawn_egg":1,"minecraft:spruce_log":98,"minecraft:cake":3,"minecraft:oak_log":30,"minecraft:apple":1,"minecraft:iron_pickaxe":209,"alexsmobs:kangaroo_meat":2,"minecraft:jungle_stairs":47,"minecraft:stone_axe":90,"luminousworld:sunset_petunias":1,"minecraft:cobblestone":216,"minecraft:cooked_porkchop":1,"minecraft:bucket":2,"born_in_chaos_v1:wood_splitter_axe":6,"minecraft:birch_stairs":58}},"DataVersion":3465}