{"stats":{"minecraft:custom":{"minecraft:jump":85,"minecraft:time_since_rest":28459,"minecraft:damage_dealt":151,"minecraft:crouch_one_cm":33,"minecraft:leave_game":2,"minecraft:play_time":28459,"minecraft:sprint_one_cm":11911,"minecraft:damage_taken":40,"minecraft:time_since_death":28459,"minecraft:walk_one_cm":14853,"minecraft:sneak_time":189,"minecraft:total_world_time":28459,"minecraft:mob_kills":1,"minecraft:fall_one_cm":659,"minecraft:fly_one_cm":263314},"minecraft:used":{"minecraft:jungle_stairs":44,"minecraft:oak_planks":4,"minecraft:gold_block":5,"minecraft:spruce_log":34,"minecraft:birch_stairs":14,"minecraft:birch_planks":59,"minecraft:lantern":4},"minecraft:killed":{"minecraft:pig":1}},"DataVersion":3465}