{"stats":{"minecraft:picked_up":{"luminousworld:groundpebbles_1":1,"born_in_chaos_v1:river_mint":2,"cannibal:bone_sword":1,"minecraft:oak_fence":1,"cannibal:stone_saw":1,"minecraft:lantern":2,"minecraft:arrow":2,"minecraft:rotten_flesh":1,"luminousworld:yellow_grassflowers":1,"minecraft:wheat_seeds":4},"minecraft:used":{"minecraft:oak_log":30,"minecraft:oak_fence":84,"minecraft:birch_slab":78,"minecraft:birch_planks":127,"minecraft:lantern":7,"minecraft:grass_block":185,"cannibal:cannibal_spawn_egg":1,"cannibal:stone_saw":57,"minecraft:oak_planks":4,"minecraft:jungle_stairs":47,"cannibal:bone_sword":5,"minecraft:gravel":20,"minecraft:glowstone":1,"minecraft:cobblestone":100,"born_in_chaos_v1:wood_splitter_axe":6,"cannibal:cannibal_butcher_spawn_egg":1,"minecraft:chain":8,"minecraft:gold_block":5,"minecraft:trapped_chest":2,"minecraft:spruce_log":98,"minecraft:birch_stairs":58},"minecraft:dropped":{"minecraft:oak_fence":1},"minecraft:killed":{"minecraft:horse":1,"minecraft:skeleton":1,"minecraft:zombie":1,"minecraft:pig":1,"cannibal:cannibal":1,"ecologics:squirrel":1,"cannibal:cannibal_butcher":1},"minecraft:custom":{"minecraft:time_since_rest":118946,"minecraft:sprint_one_cm":59933,"minecraft:damage_taken":40,"minecraft:walk_one_cm":131682,"minecraft:trigger_trapped_chest":5,"minecraft:mob_kills":7,"minecraft:drop":1,"minecraft:damage_dealt":2981,"minecraft:fly_one_cm":792826,"minecraft:open_chest":1,"minecraft:crouch_one_cm":1047,"minecraft:play_time":118946,"minecraft:sneak_time":1780,"minecraft:jump":332,"minecraft:damage_dealt_resisted":4,"minecraft:leave_game":16,"minecraft:time_since_death":118946,"minecraft:total_world_time":118946,"minecraft:climb_one_cm":988,"minecraft:fall_one_cm":659}},"DataVersion":3465}