{"stats":{"minecraft:picked_up":{"born_in_chaos_v1:river_mint":1,"minecraft:lantern":1},"minecraft:used":{"minecraft:oak_fence":64,"minecraft:birch_planks":127,"minecraft:lantern":5,"minecraft:grass_block":30,"minecraft:oak_planks":4,"minecraft:gold_block":5,"minecraft:trapped_chest":2,"minecraft:jungle_stairs":47,"minecraft:spruce_log":97,"minecraft:birch_stairs":55},"minecraft:killed":{"minecraft:pig":1},"minecraft:custom":{"minecraft:time_since_rest":81700,"minecraft:crouch_one_cm":660,"minecraft:sprint_one_cm":20370,"minecraft:play_time":81700,"minecraft:damage_taken":40,"minecraft:walk_one_cm":38485,"minecraft:sneak_time":1013,"minecraft:trigger_trapped_chest":5,"minecraft:mob_kills":1,"minecraft:jump":147,"minecraft:damage_dealt":161,"minecraft:leave_game":14,"minecraft:time_since_death":81700,"minecraft:total_world_time":81700,"minecraft:fall_one_cm":659,"minecraft:fly_one_cm":398920}},"DataVersion":3465}