{"stats":{"minecraft:picked_up":{"minecraft:crafting_table":6,"minecraft:wheat":12,"minecraft:cooked_beef":3,"minecraft:leather":2,"minecraft:wooden_pickaxe":1,"minecraft:dirt":13,"minecraft:string":10,"minecraft:white_banner":1,"minecraft:iron_axe":1,"minecraft:bone":2,"minecraft:acacia_planks":37,"travelersbackpack:cow":1,"minecraft:wheat_seeds":6,"minecraft:beef":6,"minecraft:stone_pickaxe":1,"minecraft:melon_slice":4,"minecraft:furnace":3,"minecraft:stick":5,"minecraft:acacia_log":6,"minecraft:porkchop":6,"minecraft:diorite":1,"minecraft:dark_oak_log":4,"travelersbackpack:white_sleeping_bag":3,"minecraft:stone_sword":2,"minecraft:rotten_flesh":8,"minecraft:hay_block":3,"minecraft:crossbow":5,"minecraft:mutton":3,"minecraft:dark_oak_fence":4,"minecraft:coal":51,"minecraft:white_wool":5,"minecraft:cobblestone":104},"minecraft:killed":{"minecraft:pig":3,"minecraft:spider":1,"minecraft:sheep":2,"minecraft:pillager":9,"minecraft:zombie":1,"minecraft:cow":1},"minecraft:used":{"minecraft:stone_sword":112,"minecraft:stone_pickaxe":82,"minecraft:wooden_pickaxe":23,"minecraft:dirt":6,"minecraft:crafting_table":4,"sculkhorde:sculk_phantom_spawn_egg":1,"sculkhorde:sculk_mite_aggressor_spawn_egg":1,"minecraft:iron_axe":3,"travelersbackpack:white_sleeping_bag":1,"minecraft:cobblestone":26,"minecraft:porkchop":3,"minecraft:furnace":2,"minecraft:cooked_porkchop":4,"minecraft:cooked_beef":1},"minecraft:mined":{"sculkhorde:grass":1,"minecraft:crafting_table":4,"minecraft:dark_oak_fence":2,"minecraft:acacia_log":6,"minecraft:grass_block":4,"minecraft:melon":1,"minecraft:cobblestone":2,"minecraft:tall_grass":3,"travelersbackpack:white_sleeping_bag":1,"minecraft:diorite":1,"minecraft:hay_block":3,"minecraft:furnace":2,"minecraft:grass":11,"minecraft:coal_ore":19,"travelersbackpack:cow":1,"minecraft:dirt":5,"minecraft:stone":72,"minecraft:white_wool":3,"minecraft:oak_leaves":1},"minecraft:crafted":{"minecraft:cooked_porkchop":4,"minecraft:crafting_table":1,"minecraft:wooden_pickaxe":2,"minecraft:furnace":1,"minecraft:air":0,"travelersbackpack:white_sleeping_bag":1,"minecraft:stick":12,"minecraft:stone_pickaxe":1,"minecraft:stone_sword":3,"minecraft:acacia_planks":24},"minecraft:custom":{"minecraft:interact_with_furnace":6,"minecraft:mob_kills":17,"minecraft:interact_with_crafting_table":8,"minecraft:open_barrel":6,"minecraft:leave_game":1,"minecraft:time_since_death":3739,"minecraft:sleep_in_bed":1,"minecraft:climb_one_cm":2775,"minecraft:time_since_rest":3795,"minecraft:sprint_one_cm":110315,"minecraft:damage_taken":1325,"minecraft:walk_one_cm":63999,"minecraft:drop":10,"minecraft:damage_dealt":3178,"minecraft:swim_one_cm":11552,"minecraft:fly_one_cm":142916,"minecraft:open_chest":5,"minecraft:crouch_one_cm":557,"minecraft:play_time":41929,"minecraft:deaths":3,"minecraft:sneak_time":546,"minecraft:walk_under_water_one_cm":2311,"minecraft:jump":507,"minecraft:walk_on_water_one_cm":27907,"minecraft:total_world_time":41929,"minecraft:fall_one_cm":9924},"minecraft:dropped":{"minecraft:stone_sword":2,"minecraft:crossbow":3,"minecraft:leather":1,"minecraft:stick":5,"minecraft:diorite":1,"travelersbackpack:white_sleeping_bag":1,"minecraft:beef":5},"minecraft:killed_by":{"minecraft:pillager":2},"minecraft:broken":{"minecraft:iron_axe":1}},"DataVersion":3465}