{"stats":{"minecraft:picked_up":{"minecraft:crafting_table":4,"minecraft:acacia_log":6,"minecraft:porkchop":6,"minecraft:diorite":1,"minecraft:dirt":10,"minecraft:bone":2,"minecraft:rotten_flesh":4,"minecraft:acacia_planks":7,"minecraft:wheat_seeds":2,"minecraft:crossbow":1,"minecraft:coal":17,"minecraft:cobblestone":72},"minecraft:killed":{"minecraft:pillager":3,"minecraft:zombie":1,"minecraft:pig":3},"minecraft:used":{"sculkhorde:sculk_phantom_spawn_egg":1,"sculkhorde:sculk_mite_aggressor_spawn_egg":1,"minecraft:stone_sword":52,"minecraft:stone_pickaxe":70,"minecraft:wooden_pickaxe":23,"minecraft:dirt":4,"minecraft:crafting_table":3,"minecraft:cooked_porkchop":2,"minecraft:furnace":1,"minecraft:porkchop":3},"minecraft:mined":{"sculkhorde:grass":1,"minecraft:crafting_table":3,"minecraft:grass":5,"minecraft:acacia_log":6,"minecraft:grass_block":3,"minecraft:coal_ore":17,"minecraft:dirt":5,"minecraft:tall_grass":1,"minecraft:cobblestone":1,"minecraft:stone":72,"minecraft:diorite":1},"minecraft:crafted":{"minecraft:cooked_porkchop":4,"minecraft:crafting_table":1,"minecraft:stick":12,"minecraft:wooden_pickaxe":2,"minecraft:stone_pickaxe":1,"minecraft:stone_sword":3,"minecraft:furnace":1,"minecraft:acacia_planks":24,"minecraft:air":0},"minecraft:custom":{"minecraft:time_since_rest":13092,"minecraft:interact_with_furnace":4,"minecraft:sprint_one_cm":46214,"minecraft:damage_taken":715,"minecraft:walk_one_cm":31779,"minecraft:mob_kills":7,"minecraft:drop":2,"minecraft:damage_dealt":1370,"minecraft:swim_one_cm":10745,"minecraft:interact_with_crafting_table":6,"minecraft:fly_one_cm":99436,"minecraft:crouch_one_cm":106,"minecraft:play_time":29929,"minecraft:deaths":2,"minecraft:sneak_time":334,"minecraft:walk_under_water_one_cm":2217,"minecraft:jump":252,"minecraft:leave_game":1,"minecraft:time_since_death":13067,"minecraft:walk_on_water_one_cm":22232,"minecraft:climb_one_cm":1420,"minecraft:total_world_time":29929,"minecraft:fall_one_cm":4105},"minecraft:dropped":{"minecraft:diorite":1,"minecraft:stone_sword":1},"minecraft:killed_by":{"minecraft:pillager":1}},"DataVersion":3465}