{"stats":{"minecraft:dropped":{"minecraft:iron_sword":3,"minecraft:cooked_beef":6,"ecologics:coconut_slice":1,"minecraft:leather":2,"iceandfire:ectoplasm":1,"minecraft:cracked_stone_bricks":1,"alexsmobs:bison_fur":3,"iceandfire:graveyard_soil":2,"minecraft:red_carpet":1,"ecologics:walnut_planks":1,"minecraft:dirt":28,"minecraft:mutton":1,"iceandfire:dread_stone_bricks":6,"gravestone:obituary":41,"minecraft:pumpkin_pie":7,"minecraft:bone_meal":3,"minecraft:iron_pickaxe":1,"minecraft:white_wool":1,"luminousworld:clovers_1":1,"minecraft:gold_ingot":1,"minecraft:bone":5,"minecraft:gravel":1,"undead_revamp2:huntereye":1,"minecraft:stone_axe":2,"alexsmobs:gazelle_horn":1,"minecraft:cobbled_deepslate":5,"minecraft:wheat":5,"undead_revamp2:arapholia":5,"minecraft:pointed_dripstone":1,"minecraft:rotten_flesh":16,"luminousworld:tall_deadbush":5,"minecraft:glowstone_dust":1,"luminousworld:savannah_soil":2,"luminousworld:grassflowers":6,"iceandfire:ghost_chest":1,"iceandfire:armor_silver_metal_boots":1,"born_in_chaos_v1:corpse_maggot":1,"minecraft:arrow":6,"aether:icestone":3,"luminousworld:beastiary":1,"minecraft:bread":4,"minecraft:wheat_seeds":12,"luminousworld:ishstone":1,"minecraft:oak_fence":1,"minecraft:iron_helmet":4,"minecraft:cobblestone":26,"minecraft:acacia_log":3,"minecraft:stick":1,"minecraft:diorite":1,"minecraft:torch":47,"iceandfire:silver_sword":1,"luminousworld:savannah_ground":2,"iceandfire:armor_silver_metal_chestplate":1,"minecraft:iron_leggings":2,"minecraft:iron_axe":2,"minecraft:string":7,"minecraft:pink_petals":8,"minecraft:bucket":1,"minecraft:dandelion":1,"alexsmobs:cooked_kangaroo_meat":2,"luminousworld:yellow_grassflowers":2,"minecraft:potato":1,"minecraft:shield":1,"iceandfire:silver_ingot":1,"minecraft:spider_eye":3,"luminousworld:elephant_grass":5,"luminousworld:blue_petunias":4,"minecraft:stone_pickaxe":1},"minecraft:killed_by":{"undead_revamp2:sucker":2,"undead_revamp2:the_moonflower":3,"born_in_chaos_v1:nightmare_stalker":2,"minecraft:creeper":1,"born_in_chaos_v1:corpse_fly":2,"undead_revamp2:clogger":1,"born_in_chaos_v1:diamond_termite":1,"minecraft:husk":2,"minecraft:player":2,"minecraft:spider":1,"born_in_chaos_v1:zombie_clown":1,"alexsmobs:bison":2,"undead_revamp2:thehunter":3,"undead_revamp2:therod":1,"minecraft:skeleton":1,"iceandfire:lightning_dragon":4,"iceandfire:ghost":2,"iceandfire:cockatrice":1,"born_in_chaos_v1:dread_hound":1,"undead_revamp2:thebeartamer":4,"luminousworld:savannah_skeleton":1},"minecraft:custom":{"minecraft:animals_bred":1,"minecraft:interact_with_crafting_table":58,"minecraft:open_barrel":5,"minecraft:bell_ring":1,"minecraft:eat_cake_slice":10,"minecraft:leave_game":26,"minecraft:time_since_death":42784,"minecraft:sprint_one_cm":1902001,"minecraft:damage_blocked_by_shield":1118,"minecraft:drop":159,"minecraft:talked_to_villager":5,"minecraft:play_time":560963,"minecraft:deaths":47,"minecraft:jump":10886,"minecraft:interact_with_brewingstand":1,"minecraft:walk_on_water_one_cm":40150,"twilightforest:skull_candles_made":1,"minecraft:interact_with_furnace":94,"minecraft:traded_with_villager":4,"minecraft:sleep_in_bed":16,"minecraft:damage_dealt":55650,"minecraft:player_kills":1,"minecraft:crouch_one_cm":6387,"minecraft:interact_with_smithing_table":2,"minecraft:mob_kills":269,"minecraft:damage_dealt_resisted":2952,"minecraft:climb_one_cm":27307,"minecraft:walk_one_cm":1223690,"minecraft:damage_dealt_absorbed":0,"minecraft:sneak_time":6330,"minecraft:walk_under_water_one_cm":14069,"minecraft:interact_with_blast_furnace":10,"minecraft:total_world_time":560963,"minecraft:interact_with_stonecutter":1,"minecraft:interact_with_grindstone":1,"minecraft:time_since_rest":42809,"minecraft:damage_taken":20839,"minecraft:trigger_trapped_chest":7,"minecraft:swim_one_cm":20059,"minecraft:fly_one_cm":3099553,"minecraft:open_chest":186,"minecraft:fall_one_cm":320125},"minecraft:mined":{"luminousworld:white_petunias":3,"aether:cold_aercloud":5,"luminousworld:yellowpetunias":6,"minecraft:granite":3,"minecraft:acacia_log":6,"born_in_chaos_v1:dark_metal_deposit":2,"minecraft:grass_block":317,"minecraft:composter":1,"luminousworld:savanna_grass_2":68,"minecraft:spawner":3,"minecraft:weeping_vines_plant":1,"minecraft:glowstone":22,"minecraft:sculk_catalyst":1,"minecraft:iron_ore":80,"minecraft:fire":5,"minecraft:pointed_dripstone":2,"iceandfire:gold_pile":3,"minecraft:iron_bars":2,"aether:holystone":27,"luminousworld:tall_deadbush":11,"minecraft:powder_snow":7,"born_in_chaos_v1:infected_deepslate_diamond_ore":1,"minecraft:torch":10,"aether:icestone":3,"iceandfire:ghost_chest":2,"minecraft:chest":1,"minecraft:cobblestone":19,"minecraft:cyan_bed":2,"minecraft:oak_planks":4,"minecraft:wall_torch":2,"minecraft:pink_petals":3,"minecraft:skeleton_skull":1,"ecologics:seashell":1,"minecraft:birch_log":7,"minecraft:wheat":68,"aether:aether_grass_block":3,"minecraft:stone_brick_stairs":1,"minecraft:grass":321,"minecraft:oak_log":48,"minecraft:oak_fence_gate":1,"minecraft:dirt":90,"luminousworld:grassvariant_3":64,"born_in_chaos_v1:infernal_evil_pumpkin_s":1,"minecraft:netherrack":6,"luminousworld:savannah_grass_4":76,"iceandfire:dread_stone_bricks":2,"minecraft:oak_leaves":12,"minecraft:cyan_candle":3,"minecraft:deepslate":5,"luminousworld:savannah_ground":7,"luminousworld:groundpebbles_1":1,"minecraft:tuff":3,"minecraft:red_carpet":1,"iceandfire:silver_ore":16,"minecraft:mossy_cobblestone":1,"luminousworld:grassvariant_4":42,"luminousworld:blue_petunias":6,"born_in_chaos_v1:infected_diamond_ore":2,"gravestone:gravestone":46,"born_in_chaos_v1:black_argillite":2,"iceandfire:deepslate_silver_ore":2,"luminousworld:grassvariant_2":93,"luminousworld:clovers_2":1,"born_in_chaos_v1:gnawed_bones":1,"luminousworld:groundpebbles_3":2,"minecraft:large_fern":1,"minecraft:hay_block":23,"luminousworld:sunset_petunias":2,"aether:aether_dirt":13,"minecraft:furnace":3,"minecraft:carrots":10,"luminousworld:yellow_grassflowers":4,"minecraft:andesite":10,"minecraft:potatoes":72,"minecraft:shroomlight":1,"minecraft:deepslate_iron_ore":28,"minecraft:vine":3,"luminousworld:groundpebbles_2":2,"minecraft:stone":196,"minecraft:white_wool":3,"minecraft:redstone_wall_torch":1,"luminousworld:savannah_soil":6,"minecraft:acacia_leaves":1,"minecraft:glass_pane":16,"minecraft:dandelion":1,"minecraft:crafting_table":9,"luminousworld:savannah_grass_1":63,"aether:golden_oak_log":1,"luminousworld:grassflowers":8,"minecraft:lightning_rod":1,"minecraft:tall_grass":102,"minecraft:deepslate_gold_ore":7,"minecraft:sculk":2,"minecraft:diorite":4,"luminousworld:whiteoaklog":2,"aether:skyroot_leaves":1,"minecraft:redstone_torch":2,"minecraft:coal_ore":101,"luminousworld:ishstone":2,"minecraft:gravel":3,"minecraft:cracked_stone_bricks":1,"minecraft:stone_bricks":1,"luminousworld:elephant_grass":31,"minecraft:mossy_stone_bricks":4,"minecraft:gold_ore":1,"undead_revamp2:arapholia":6},"minecraft:broken":{"minecraft:iron_shovel":1,"minecraft:iron_boots":1,"minecraft:iron_chestplate":1,"minecraft:iron_leggings":1,"minecraft:stone_pickaxe":2,"minecraft:iron_sword":2,"aether:golden_parachute":1,"minecraft:stone_sword":1,"minecraft:iron_axe":1,"minecraft:iron_helmet":1,"aether:leather_gloves":1},"minecraft:killed":{"luminousworld:miner_zombie":1,"alexsmobs:lobster":6,"cannibal:cannibal":3,"born_in_chaos_v1:restless_spirit":1,"minecraft:spider":9,"luminousworld:frost_bitten_skeleton":1,"undead_revamp2:thesmoker":3,"alexsmobs:murmur":1,"undead_revamp2:theswarmer":1,"born_in_chaos_v1:scarlet_persecutor":2,"minecraft:skeleton":17,"minecraft:chicken":7,"undead_revamp2:therod":1,"alexsmobs:kangaroo":4,"undead_revamp2:thespitter":2,"minecraft:pig":2,"minecraft:zombie_villager":4,"born_in_chaos_v1:diamond_termite":4,"alexsmobs:seal":6,"undead_revamp2:theheavy":1,"aether:sheepuff":1,"undead_revamp2:thebeartamer":1,"minecraft:creeper":1,"aether:phyg":1,"iceandfire:cockatrice":1,"minecraft:sheep":3,"minecraft:zombie":14,"born_in_chaos_v1:dread_hound":4,"born_in_chaos_v1:corpse_fly":34,"undead_revamp2:theskeeper":1,"iceandfire:lightning_dragon":1,"iceandfire:dread_ghoul":4,"minecraft:cow":21,"undead_revamp2:thehunter":5,"undead_revamp2:thegliter":1,"aether:golden_swet":1,"undead_revamp2:bomber":1,"born_in_chaos_v1:maggot":4,"minecraft:horse":1,"iceandfire:dread_thrall":2,"alexsmobs:bison":4,"born_in_chaos_v1:corpse_fish":1,"undead_revamp2:sucker":8,"luminousworld:savannah_zombie":4,"born_in_chaos_v1:barrel_zombie":1,"born_in_chaos_v1:fallen_chaos_knight":1,"minecraft:husk":1,"born_in_chaos_v1:baby_skeleton":1,"born_in_chaos_v1:spirit_guide_assistant":2,"undead_revamp2:the_moonflower":5,"aether:cockatrice":1,"cannibal:cannibal_butcher":1,"aether:flying_cow":14,"born_in_chaos_v1:decrepit_skeleton":3,"alexsmobs:emu":2,"born_in_chaos_v1:bloody_gadfly":1,"undead_revamp2:thesomnolence":9,"iceandfire:ghost":4,"ecologics:squirrel":2,"alexsmobs:gazelle":7,"born_in_chaos_v1:nightmare_stalker":1,"alexsmobs:crow":1},"minecraft:crafted":{"minecraft:oak_planks":180,"minecraft:cooked_chicken":5,"iceandfire:lectern":1,"minecraft:stone":53,"minecraft:cooked_mutton":3,"iceandfire:armor_silver_metal_chestplate":1,"minecraft:iron_boots":2,"minecraft:chest":1,"minecraft:oak_button":9,"minecraft:cooked_porkchop":3,"minecraft:crafting_table":4,"minecraft:acacia_slab":6,"minecraft:wooden_pickaxe":1,"minecraft:iron_helmet":2,"minecraft:iron_chestplate":2,"minecraft:shield":2,"minecraft:stick":156,"minecraft:iron_ingot":85,"minecraft:iron_pickaxe":1,"minecraft:stone_sword":3,"minecraft:gold_ingot":3,"minecraft:redstone_torch":1,"minecraft:composter":1,"iceandfire:silver_sword":2,"iceandfire:dragon_stick":1,"minecraft:furnace":3,"minecraft:bone_meal":33,"minecraft:flint_and_steel":1,"luminousworld:white_oak_slab":6,"minecraft:iron_axe":1,"born_in_chaos_v1:fried_maggot":9,"luminousworld:white_oak_plank":8,"minecraft:iron_hoe":1,"minecraft:stone_pickaxe":6,"iceandfire:armor_silver_metal_boots":1,"minecraft:wheat":207,"minecraft:cooked_beef":46,"iceandfire:silver_ingot":16,"alexsmobs:cooked_kangaroo_meat":5,"minecraft:iron_sword":6,"minecraft:bucket":3,"minecraft:stone_axe":3,"minecraft:glowstone":15,"minecraft:air":0,"minecraft:bread":98,"minecraft:iron_shovel":2,"minecraft:iron_leggings":2,"minecraft:acacia_planks":8,"minecraft:torch":272},"minecraft:picked_up":{"iceandfire:dread_stone_bricks":6,"minecraft:wheat":40,"minecraft:potion":1,"born_in_chaos_v1:black_argillite":2,"alexsmobs:gazelle_horn":3,"iceandfire:manuscript":3,"minecraft:string":11,"cannibal:bone_mask":1,"minecraft:iron_leggings":1,"minecraft:armor_stand":1,"minecraft:cobbled_deepslate":5,"minecraft:beetroot":1,"minecraft:activator_rail":1,"alexsmobs:emu_feather":2,"minecraft:tnt_minecart":1,"minecraft:gold_nugget":18,"minecraft:redstone_torch":3,"minecraft:furnace":3,"iceandfire:ghost_chest":2,"minecraft:stick":6,"minecraft:composter":1,"minecraft:oak_fence":1,"minecraft:torch":69,"minecraft:acacia_log":9,"luminousworld:savannah_soil":4,"minecraft:porkchop":5,"iceandfire:lightning_dragon_flesh":3,"cannibal:stone_saw":1,"minecraft:lightning_rod":1,"minecraft:pointed_dripstone":2,"minecraft:diorite":5,"born_in_chaos_v1:nightmare_claw":1,"luminousworld:grassflowers":9,"minecraft:rotten_flesh":62,"luminousworld:yellow_grassflowers":6,"minecraft:glowstone":1,"luminousworld:tall_deadbush":5,"minecraft:obsidian":2,"minecraft:iron_bars":1,"undead_revamp2:arapholia":14,"alexsmobs:lobster_tail":5,"minecraft:cobblestone":249,"minecraft:birch_log":7,"minecraft:pink_petals":8,"luminousworld:savannah_ground":6,"ecologics:walnut":7,"minecraft:feather":9,"cannibal:bone_sword":2,"minecraft:andesite":9,"minecraft:potato":183,"alexsmobs:bison_fur":3,"minecraft:flint":1,"minecraft:tuff":3,"undead_revamp2:huntereye":4,"alexsmobs:cooked_kangaroo_meat":1,"aether:icestone":3,"minecraft:dirt":390,"minecraft:lantern":2,"minecraft:name_tag":1,"born_in_chaos_v1:monster_skin":4,"minecraft:bone":38,"minecraft:wheat_seeds":199,"aether:holystone":26,"minecraft:raw_gold":7,"luminousworld:elephant_grass":21,"aether:cold_aercloud":2,"minecraft:mossy_stone_bricks":3,"minecraft:cyan_candle":4,"minecraft:glowstone_dust":61,"minecraft:oak_planks":4,"minecraft:cyan_bed":2,"alexsmobs:kangaroo_hide":6,"luminousworld:yellowpetunias":5,"minecraft:granite":3,"aether:swet_ball":1,"minecraft:bone_meal":8,"minecraft:golden_apple":1,"minecraft:bread":13,"aether:blue_aercloud":1,"born_in_chaos_v1:rotten_fish":2,"iceandfire:raw_silver":18,"iceandfire:dragon_skull_lightning":1,"minecraft:crafting_table":7,"undead_revamp2:bostroxingot":2,"luminousworld:groundpebbles_1":11,"born_in_chaos_v1:diamond_termite_shard":3,"aether:aether_dirt":15,"iceandfire:witherbone":1,"minecraft:chicken":5,"born_in_chaos_v1:river_mint":4,"born_in_chaos_v1:seedof_chaos":1,"ecologics:seashell":1,"gravestone:obituary":12,"minecraft:iron_axe":1,"minecraft:flint_and_steel":1,"minecraft:item_frame":1,"ecologics:walnut_sapling":7,"iceandfire:graveyard_soil":2,"minecraft:cracked_stone_bricks":2,"minecraft:detector_rail":2,"cannibal:fresh_flesh":1,"minecraft:beef":94,"iceandfire:dread_shard":3,"born_in_chaos_v1:gnawed_bones":3,"minecraft:chest":1,"minecraft:raw_iron":107,"iceandfire:dragonbone":1,"luminousworld:blue_petunias":7,"ecologics:coconut_slice":4,"minecraft:copper_ingot":2,"born_in_chaos_v1:pieceofdarkmetal":7,"minecraft:carrot":37,"minecraft:redstone":3,"minecraft:prismarine_crystals":2,"aether:skyroot_log":1,"iceandfire:silver_ingot":1,"minecraft:arrow":19,"minecraft:hay_block":23,"minecraft:gold_ingot":3,"minecraft:glow_berries":1,"minecraft:mutton":11,"minecraft:rail":2,"minecraft:skeleton_skull":2,"alexsmobs:kangaroo_meat":8,"minecraft:white_wool":7,"born_in_chaos_v1:fused_bone":1,"born_in_chaos_v1:corpse_maggot":31,"born_in_chaos_v1:monster_flesh":1,"luminousworld:ishstone":3,"minecraft:leather":24,"minecraft:oak_log":45,"iceandfire:ectoplasm":2,"minecraft:gunpowder":2,"minecraft:red_carpet":1,"minecraft:apple":1,"minecraft:stone_bricks":1,"minecraft:iron_ingot":1,"minecraft:oak_fence_gate":1,"minecraft:stone_pickaxe":1,"minecraft:cooked_chicken":1,"luminousworld:white_petunias":2,"minecraft:iron_sword":1,"luminousworld:clovers_1":1,"born_in_chaos_v1:ethereal_spirit":4,"minecraft:dandelion":1,"luminousworld:sunset_petunias":1,"minecraft:gravel":2,"minecraft:amethyst_shard":5,"minecraft:spider_eye":5,"luminousworld:whiteoaklog":2,"undead_revamp2:rawbostrox":1,"minecraft:slime_ball":6,"minecraft:stone_axe":2,"minecraft:iron_helmet":1,"minecraft:scute":1,"minecraft:coal":140},"minecraft:used":{"iceandfire:lectern":1,"minecraft:beetroot":3,"minecraft:iron_shovel":359,"minecraft:shield":25,"minecraft:chest":1,"minecraft:iron_sword":894,"luminousworld:savannah_ground":1,"minecraft:player_head":1,"minecraft:rotten_flesh":49,"minecraft:carrot":62,"minecraft:obsidian":6,"born_in_chaos_v1:corpse_maggot":21,"alexsmobs:lobster_tail":5,"minecraft:lantern":7,"minecraft:grass_block":185,"born_in_chaos_v1:gnawed_bones":2,"luminousworld:elephant_grass":1,"minecraft:item_frame":1,"ecologics:walnut_planks":3,"minecraft:furnace":5,"minecraft:gold_block":5,"minecraft:potato":224,"minecraft:stone_pickaxe":372,"minecraft:oak_planks":38,"minecraft:wooden_pickaxe":16,"minecraft:composter":1,"luminousworld:groundpebbles_1":2,"luminousworld:yellowpetunias":7,"minecraft:white_wool":3,"minecraft:glow_berries":1,"minecraft:redstone_torch":4,"iceandfire:lightning_dragon_flesh":2,"minecraft:birch_slab":78,"minecraft:bread":114,"minecraft:cyan_bed":1,"cannibal:bone_sword":5,"minecraft:gravel":20,"ecologics:coconut_slice":3,"born_in_chaos_v1:rotten_fish":2,"minecraft:chain":8,"minecraft:bone_meal":37,"minecraft:oak_fence":84,"iceandfire:silver_sword":376,"minecraft:iron_bars":1,"minecraft:stone_sword":380,"minecraft:acacia_log":3,"minecraft:flint_and_steel":7,"minecraft:armor_stand":1,"aether:aether_dirt":13,"minecraft:cooked_chicken":6,"born_in_chaos_v1:fried_maggot":9,"minecraft:torch":181,"minecraft:dirt":282,"luminousworld:grassflowers":4,"iceandfire:pixie_dust":1,"alexsmobs:cooked_kangaroo_meat":4,"minecraft:iron_hoe":96,"minecraft:wooden_axe":1,"minecraft:iron_axe":13,"cannibal:cannibal_spawn_egg":1,"minecraft:acacia_slab":1,"undead_revamp2:huntereye":1,"minecraft:glowstone":16,"minecraft:beef":9,"luminousworld:savannah_soil":1,"luminousworld:blue_petunias":5,"ecologics:walnut":7,"minecraft:trapped_chest":2,"undead_revamp2:arapholia":7,"minecraft:cooked_beef":16,"aether:holystone":7,"minecraft:pointed_dripstone":1,"minecraft:wheat_seeds":118,"minecraft:cooked_mutton":3,"minecraft:water_bucket":83,"minecraft:birch_planks":127,"minecraft:cyan_candle":4,"cannibal:stone_saw":57,"luminousworld:yellow_grassflowers":4,"minecraft:rail":2,"luminousworld:white_petunias":1,"cannibal:cannibal_butcher_spawn_egg":1,"minecraft:crafting_table":10,"minecraft:spruce_log":98,"minecraft:cake":3,"minecraft:oak_log":30,"minecraft:activator_rail":1,"minecraft:apple":1,"minecraft:iron_pickaxe":321,"alexsmobs:kangaroo_meat":2,"minecraft:detector_rail":2,"minecraft:jungle_stairs":47,"aether:skyroot_log":1,"minecraft:stone_axe":105,"luminousworld:sunset_petunias":1,"minecraft:cobblestone":223,"aether:golden_parachute":16,"minecraft:cooked_porkchop":1,"minecraft:bucket":84,"born_in_chaos_v1:wood_splitter_axe":6,"minecraft:birch_stairs":58}},"DataVersion":3465}