{"stats":{"minecraft:picked_up":{"luminousworld:groundpebbles_1":1,"minecraft:crafting_table":1,"ecologics:walnut":3,"born_in_chaos_v1:river_mint":2,"cannibal:bone_sword":1,"minecraft:oak_log":15,"gravestone:obituary":2,"minecraft:lantern":2,"minecraft:name_tag":1,"minecraft:bone":3,"ecologics:walnut_sapling":7,"minecraft:beetroot":1,"minecraft:wheat_seeds":6,"luminousworld:elephant_grass":1,"luminousworld:white_petunias":1,"minecraft:stick":3,"minecraft:copper_ingot":2,"minecraft:oak_fence":1,"minecraft:acacia_log":3,"cannibal:stone_saw":1,"minecraft:prismarine_crystals":2,"luminousworld:grassflowers":1,"minecraft:arrow":2,"minecraft:rotten_flesh":4,"luminousworld:yellow_grassflowers":1,"minecraft:scute":1,"minecraft:cobblestone":50,"born_in_chaos_v1:fused_bone":1},"minecraft:used":{"minecraft:beetroot":1,"minecraft:oak_fence":84,"minecraft:stone_sword":87,"minecraft:birch_planks":127,"minecraft:stone_pickaxe":34,"cannibal:stone_saw":57,"minecraft:oak_planks":18,"minecraft:wooden_pickaxe":16,"minecraft:rotten_flesh":2,"minecraft:crafting_table":2,"cannibal:cannibal_butcher_spawn_egg":1,"minecraft:spruce_log":98,"minecraft:oak_log":30,"minecraft:birch_slab":78,"minecraft:lantern":7,"minecraft:grass_block":185,"cannibal:cannibal_spawn_egg":1,"minecraft:jungle_stairs":47,"cannibal:bone_sword":5,"minecraft:gravel":20,"minecraft:glowstone":1,"minecraft:cobblestone":100,"ecologics:walnut":3,"minecraft:chain":8,"born_in_chaos_v1:wood_splitter_axe":6,"minecraft:gold_block":5,"minecraft:trapped_chest":2,"minecraft:birch_stairs":58},"minecraft:mined":{"luminousworld:white_petunias":1,"minecraft:crafting_table":1,"luminousworld:savannah_grass_1":5,"gravestone:gravestone":5,"minecraft:acacia_log":3,"luminousworld:grassflowers":1,"minecraft:tall_grass":10,"luminousworld:savanna_grass_2":2,"minecraft:grass":25,"minecraft:oak_log":18,"luminousworld:grassvariant_3":3,"minecraft:stone":34,"luminousworld:elephant_grass":1,"luminousworld:savannah_grass_4":7,"minecraft:oak_leaves":3},"minecraft:dropped":{"minecraft:oak_fence":1,"minecraft:cobblestone":22,"gravestone:obituary":1},"minecraft:crafted":{"minecraft:oak_planks":60,"minecraft:crafting_table":1,"minecraft:wooden_pickaxe":1,"minecraft:stick":4,"minecraft:stone_pickaxe":1,"minecraft:stone_sword":1},"minecraft:custom":{"minecraft:mob_kills":15,"minecraft:interact_with_crafting_table":6,"minecraft:open_barrel":1,"minecraft:damage_dealt_resisted":103,"minecraft:leave_game":16,"minecraft:time_since_death":1478,"minecraft:climb_one_cm":988,"minecraft:time_since_rest":1508,"minecraft:sprint_one_cm":190047,"minecraft:damage_taken":1840,"minecraft:walk_one_cm":184782,"minecraft:trigger_trapped_chest":5,"minecraft:drop":3,"minecraft:damage_dealt":4907,"minecraft:fly_one_cm":979833,"minecraft:open_chest":1,"minecraft:crouch_one_cm":1130,"minecraft:play_time":142946,"minecraft:deaths":8,"minecraft:sneak_time":1885,"minecraft:jump":1061,"minecraft:total_world_time":142946,"minecraft:fall_one_cm":28709},"minecraft:killed":{"born_in_chaos_v1:barrel_zombie":1,"minecraft:pig":1,"cannibal:cannibal":1,"cannibal:cannibal_butcher":1,"born_in_chaos_v1:maggot":1,"minecraft:horse":1,"minecraft:skeleton":3,"minecraft:zombie":1,"ecologics:squirrel":1,"undead_revamp2:therod":1,"undead_revamp2:sucker":3},"minecraft:killed_by":{"undead_revamp2:thehunter":1,"minecraft:husk":1,"minecraft:player":1,"undead_revamp2:therod":1,"born_in_chaos_v1:zombie_clown":1,"undead_revamp2:clogger":1,"luminousworld:savannah_skeleton":1}},"DataVersion":3465}