{"stats":{"minecraft:picked_up":{"luminousworld:groundpebbles_1":1,"minecraft:crafting_table":2,"iceandfire:witherbone":1,"born_in_chaos_v1:river_mint":2,"gravestone:obituary":2,"alexsmobs:gazelle_horn":2,"minecraft:iron_axe":1,"minecraft:beetroot":1,"ecologics:walnut_sapling":7,"alexsmobs:emu_feather":2,"born_in_chaos_v1:gnawed_bones":1,"minecraft:furnace":2,"minecraft:stick":5,"minecraft:raw_iron":8,"luminousworld:blue_petunias":1,"minecraft:copper_ingot":2,"minecraft:oak_fence":1,"minecraft:acacia_log":3,"luminousworld:savannah_soil":3,"cannibal:stone_saw":1,"minecraft:pointed_dripstone":1,"minecraft:diorite":1,"minecraft:prismarine_crystals":2,"luminousworld:grassflowers":1,"minecraft:arrow":4,"minecraft:rotten_flesh":6,"luminousworld:yellow_grassflowers":1,"luminousworld:tall_deadbush":2,"minecraft:mutton":3,"alexsmobs:kangaroo_meat":6,"minecraft:cobblestone":120,"born_in_chaos_v1:fused_bone":1,"ecologics:walnut":3,"luminousworld:savannah_ground":2,"minecraft:feather":3,"cannibal:bone_sword":1,"minecraft:oak_log":15,"iceandfire:ectoplasm":1,"alexsmobs:cooked_kangaroo_meat":1,"minecraft:gunpowder":1,"minecraft:dirt":3,"minecraft:lantern":2,"minecraft:name_tag":1,"minecraft:bone":4,"minecraft:wheat_seeds":8,"minecraft:cooked_chicken":1,"luminousworld:elephant_grass":8,"luminousworld:white_petunias":1,"minecraft:oak_planks":1,"luminousworld:sunset_petunias":1,"alexsmobs:kangaroo_hide":4,"minecraft:scute":1,"minecraft:coal":66,"iceandfire:raw_silver":3},"minecraft:used":{"minecraft:oak_fence":84,"minecraft:beetroot":1,"minecraft:stone_sword":229,"minecraft:iron_sword":72,"minecraft:cooked_chicken":1,"minecraft:rotten_flesh":2,"minecraft:torch":4,"minecraft:dirt":1,"alexsmobs:cooked_kangaroo_meat":4,"minecraft:lantern":7,"minecraft:grass_block":185,"cannibal:cannibal_spawn_egg":1,"minecraft:glowstone":1,"luminousworld:savannah_soil":1,"minecraft:furnace":3,"ecologics:walnut":3,"minecraft:gold_block":5,"minecraft:trapped_chest":2,"minecraft:cooked_mutton":3,"minecraft:birch_planks":127,"minecraft:stone_pickaxe":137,"cannibal:stone_saw":57,"minecraft:oak_planks":18,"minecraft:wooden_pickaxe":16,"minecraft:crafting_table":3,"cannibal:cannibal_butcher_spawn_egg":1,"minecraft:spruce_log":98,"minecraft:oak_log":30,"minecraft:birch_slab":78,"minecraft:jungle_stairs":47,"cannibal:bone_sword":5,"minecraft:gravel":20,"luminousworld:sunset_petunias":1,"minecraft:cobblestone":113,"minecraft:chain":8,"born_in_chaos_v1:wood_splitter_axe":6,"minecraft:birch_stairs":58},"minecraft:mined":{"luminousworld:white_petunias":1,"iceandfire:silver_ore":3,"luminousworld:grassvariant_4":2,"luminousworld:blue_petunias":1,"gravestone:gravestone":8,"minecraft:acacia_log":3,"luminousworld:grassvariant_2":2,"luminousworld:savanna_grass_2":18,"luminousworld:sunset_petunias":2,"minecraft:furnace":2,"minecraft:iron_ore":8,"minecraft:pointed_dripstone":2,"minecraft:stone":89,"luminousworld:savannah_soil":2,"minecraft:acacia_leaves":1,"luminousworld:tall_deadbush":2,"minecraft:powder_snow":1,"minecraft:crafting_table":2,"luminousworld:savannah_grass_1":23,"luminousworld:grassflowers":1,"minecraft:tall_grass":12,"minecraft:oak_planks":1,"minecraft:diorite":1,"minecraft:grass":32,"minecraft:oak_log":18,"minecraft:coal_ore":30,"minecraft:dirt":2,"luminousworld:grassvariant_3":4,"luminousworld:savannah_grass_4":26,"luminousworld:elephant_grass":12,"minecraft:oak_leaves":3,"luminousworld:savannah_ground":1},"minecraft:dropped":{"minecraft:oak_fence":1,"minecraft:cobblestone":22,"gravestone:obituary":1,"minecraft:iron_axe":2,"alexsmobs:cooked_kangaroo_meat":2},"minecraft:crafted":{"minecraft:oak_planks":60,"minecraft:furnace":2,"minecraft:cooked_mutton":3,"minecraft:iron_axe":1,"minecraft:stone_pickaxe":2,"iceandfire:silver_ingot":3,"minecraft:crafting_table":1,"minecraft:wooden_pickaxe":1,"alexsmobs:cooked_kangaroo_meat":5,"minecraft:iron_sword":1,"minecraft:stone_axe":1,"minecraft:air":0,"minecraft:stick":12,"minecraft:iron_ingot":6,"minecraft:stone_sword":2,"minecraft:torch":4},"minecraft:custom":{"minecraft:mob_kills":41,"minecraft:interact_with_crafting_table":9,"minecraft:open_barrel":1,"minecraft:damage_dealt_resisted":127,"minecraft:leave_game":20,"minecraft:time_since_death":443,"minecraft:climb_one_cm":988,"minecraft:sprint_one_cm":334607,"minecraft:walk_one_cm":297390,"minecraft:drop":6,"minecraft:play_time":180052,"minecraft:deaths":12,"minecraft:sneak_time":2621,"minecraft:walk_under_water_one_cm":42,"minecraft:jump":1961,"minecraft:interact_with_blast_furnace":5,"minecraft:walk_on_water_one_cm":501,"minecraft:total_world_time":180052,"minecraft:interact_with_furnace":13,"minecraft:time_since_rest":477,"minecraft:damage_taken":3548,"minecraft:trigger_trapped_chest":5,"minecraft:damage_dealt":10250,"minecraft:swim_one_cm":594,"minecraft:fly_one_cm":1142269,"minecraft:player_kills":1,"minecraft:open_chest":1,"minecraft:crouch_one_cm":2134,"minecraft:fall_one_cm":55523},"minecraft:killed":{"luminousworld:miner_zombie":1,"cannibal:cannibal":1,"born_in_chaos_v1:maggot":1,"minecraft:skeleton":3,"minecraft:horse":1,"undead_revamp2:therod":1,"undead_revamp2:sucker":3,"alexsmobs:kangaroo":3,"luminousworld:savannah_zombie":1,"born_in_chaos_v1:barrel_zombie":1,"minecraft:pig":1,"born_in_chaos_v1:spirit_guide_assistant":2,"alexsmobs:seal":4,"cannibal:cannibal_butcher":1,"iceandfire:cockatrice":1,"born_in_chaos_v1:decrepit_skeleton":1,"alexsmobs:emu":2,"minecraft:zombie":1,"ecologics:squirrel":1,"iceandfire:ghost":2,"born_in_chaos_v1:dread_hound":1,"alexsmobs:gazelle":6},"minecraft:killed_by":{"minecraft:husk":1,"minecraft:player":1,"born_in_chaos_v1:zombie_clown":1,"undead_revamp2:clogger":1,"undead_revamp2:thehunter":1,"undead_revamp2:therod":1,"iceandfire:ghost":1,"iceandfire:cockatrice":1,"born_in_chaos_v1:dread_hound":1,"luminousworld:savannah_skeleton":1}},"DataVersion":3465}