{"stats":{"minecraft:picked_up":{"minecraft:wheat":16,"born_in_chaos_v1:black_argillite":2,"alexsmobs:gazelle_horn":2,"minecraft:string":4,"cannibal:bone_mask":1,"minecraft:beetroot":1,"alexsmobs:emu_feather":2,"minecraft:furnace":3,"minecraft:stick":5,"iceandfire:ghost_chest":1,"minecraft:oak_fence":1,"minecraft:torch":5,"minecraft:acacia_log":9,"luminousworld:savannah_soil":4,"minecraft:lightning_rod":1,"cannibal:stone_saw":1,"minecraft:pointed_dripstone":2,"minecraft:diorite":5,"luminousworld:grassflowers":5,"minecraft:rotten_flesh":39,"luminousworld:yellow_grassflowers":5,"luminousworld:tall_deadbush":2,"minecraft:obsidian":2,"minecraft:iron_bars":1,"undead_revamp2:arapholia":8,"minecraft:cobblestone":226,"minecraft:birch_log":7,"luminousworld:savannah_ground":6,"ecologics:walnut":7,"minecraft:feather":3,"cannibal:bone_sword":1,"minecraft:andesite":6,"minecraft:potato":1,"minecraft:tuff":3,"undead_revamp2:huntereye":1,"alexsmobs:cooked_kangaroo_meat":1,"minecraft:dirt":46,"minecraft:lantern":2,"minecraft:name_tag":1,"born_in_chaos_v1:monster_skin":1,"minecraft:bone":16,"minecraft:wheat_seeds":92,"minecraft:raw_gold":3,"luminousworld:elephant_grass":16,"minecraft:mossy_stone_bricks":3,"minecraft:cyan_candle":3,"minecraft:oak_planks":1,"minecraft:cyan_bed":2,"alexsmobs:kangaroo_hide":6,"luminousworld:yellowpetunias":5,"minecraft:granite":3,"minecraft:bone_meal":2,"minecraft:golden_apple":1,"minecraft:bread":11,"born_in_chaos_v1:rotten_fish":2,"iceandfire:raw_silver":16,"minecraft:crafting_table":7,"undead_revamp2:bostroxingot":1,"luminousworld:groundpebbles_1":6,"born_in_chaos_v1:diamond_termite_shard":3,"iceandfire:witherbone":1,"minecraft:chicken":1,"born_in_chaos_v1:river_mint":4,"gravestone:obituary":5,"minecraft:iron_axe":1,"minecraft:item_frame":1,"ecologics:walnut_sapling":7,"minecraft:cracked_stone_bricks":2,"born_in_chaos_v1:gnawed_bones":3,"minecraft:chest":1,"minecraft:raw_iron":71,"luminousworld:blue_petunias":7,"minecraft:copper_ingot":2,"born_in_chaos_v1:pieceofdarkmetal":2,"minecraft:prismarine_crystals":2,"iceandfire:silver_ingot":1,"minecraft:arrow":13,"minecraft:gold_ingot":2,"minecraft:glow_berries":1,"minecraft:mutton":4,"minecraft:skeleton_skull":2,"alexsmobs:kangaroo_meat":8,"born_in_chaos_v1:fused_bone":1,"born_in_chaos_v1:corpse_maggot":29,"born_in_chaos_v1:monster_flesh":1,"luminousworld:ishstone":2,"minecraft:oak_log":45,"iceandfire:ectoplasm":1,"minecraft:gunpowder":2,"minecraft:apple":1,"minecraft:cooked_chicken":1,"luminousworld:white_petunias":2,"minecraft:iron_sword":1,"luminousworld:clovers_1":1,"luminousworld:sunset_petunias":1,"minecraft:gravel":1,"minecraft:amethyst_shard":5,"minecraft:spider_eye":2,"luminousworld:whiteoaklog":2,"undead_revamp2:rawbostrox":1,"minecraft:slime_ball":5,"minecraft:scute":1,"minecraft:coal":134},"minecraft:used":{"minecraft:beetroot":1,"minecraft:chest":1,"minecraft:iron_sword":395,"luminousworld:savannah_ground":1,"minecraft:rotten_flesh":32,"minecraft:carrot":5,"born_in_chaos_v1:corpse_maggot":19,"minecraft:lantern":7,"minecraft:grass_block":185,"born_in_chaos_v1:gnawed_bones":2,"minecraft:furnace":5,"minecraft:gold_block":5,"minecraft:stone_pickaxe":372,"minecraft:oak_planks":18,"minecraft:wooden_pickaxe":16,"minecraft:composter":1,"luminousworld:groundpebbles_1":2,"luminousworld:yellowpetunias":5,"minecraft:glow_berries":1,"minecraft:birch_slab":78,"minecraft:bread":10,"cannibal:bone_sword":5,"minecraft:gravel":20,"born_in_chaos_v1:rotten_fish":2,"minecraft:chain":8,"minecraft:bone_meal":16,"minecraft:oak_fence":84,"minecraft:iron_bars":1,"minecraft:stone_sword":333,"minecraft:acacia_log":3,"born_in_chaos_v1:fried_maggot":9,"minecraft:cooked_chicken":1,"minecraft:torch":117,"minecraft:dirt":4,"luminousworld:grassflowers":4,"alexsmobs:cooked_kangaroo_meat":4,"minecraft:iron_axe":13,"cannibal:cannibal_spawn_egg":1,"minecraft:acacia_slab":1,"undead_revamp2:huntereye":1,"minecraft:glowstone":1,"luminousworld:blue_petunias":5,"luminousworld:savannah_soil":1,"ecologics:walnut":7,"minecraft:trapped_chest":2,"undead_revamp2:arapholia":4,"minecraft:pointed_dripstone":1,"minecraft:wheat_seeds":34,"minecraft:cooked_mutton":3,"minecraft:water_bucket":2,"minecraft:birch_planks":127,"minecraft:cyan_candle":1,"cannibal:stone_saw":57,"luminousworld:yellow_grassflowers":4,"luminousworld:white_petunias":1,"minecraft:crafting_table":10,"cannibal:cannibal_butcher_spawn_egg":1,"minecraft:spruce_log":98,"minecraft:cake":2,"minecraft:oak_log":30,"minecraft:apple":1,"minecraft:iron_pickaxe":170,"alexsmobs:kangaroo_meat":2,"minecraft:jungle_stairs":47,"minecraft:stone_axe":49,"luminousworld:sunset_petunias":1,"minecraft:cobblestone":181,"minecraft:bucket":2,"born_in_chaos_v1:wood_splitter_axe":6,"minecraft:birch_stairs":58},"minecraft:mined":{"luminousworld:white_petunias":3,"luminousworld:yellowpetunias":6,"minecraft:granite":3,"minecraft:acacia_log":6,"minecraft:grass_block":39,"born_in_chaos_v1:dark_metal_deposit":2,"luminousworld:savanna_grass_2":50,"minecraft:spawner":3,"minecraft:iron_ore":56,"minecraft:pointed_dripstone":2,"minecraft:iron_bars":2,"luminousworld:tall_deadbush":3,"minecraft:powder_snow":1,"minecraft:torch":3,"iceandfire:ghost_chest":1,"minecraft:chest":1,"minecraft:cobblestone":8,"minecraft:cyan_bed":2,"minecraft:oak_planks":1,"minecraft:wall_torch":2,"minecraft:skeleton_skull":1,"minecraft:birch_log":7,"minecraft:wheat":16,"minecraft:grass":257,"minecraft:oak_log":48,"minecraft:dirt":8,"luminousworld:grassvariant_3":54,"luminousworld:savannah_grass_4":58,"minecraft:oak_leaves":11,"minecraft:cyan_candle":2,"luminousworld:savannah_ground":5,"luminousworld:groundpebbles_1":1,"minecraft:tuff":3,"iceandfire:silver_ore":16,"luminousworld:grassvariant_4":42,"luminousworld:blue_petunias":6,"born_in_chaos_v1:infected_diamond_ore":2,"gravestone:gravestone":34,"born_in_chaos_v1:black_argillite":2,"luminousworld:grassvariant_2":82,"luminousworld:clovers_2":1,"born_in_chaos_v1:gnawed_bones":1,"luminousworld:groundpebbles_3":2,"minecraft:large_fern":1,"luminousworld:sunset_petunias":2,"minecraft:furnace":3,"luminousworld:yellow_grassflowers":3,"minecraft:andesite":7,"minecraft:deepslate_iron_ore":15,"minecraft:vine":2,"luminousworld:groundpebbles_2":1,"minecraft:stone":183,"luminousworld:savannah_soil":3,"minecraft:acacia_leaves":1,"minecraft:crafting_table":8,"luminousworld:savannah_grass_1":49,"minecraft:lightning_rod":1,"luminousworld:grassflowers":5,"minecraft:tall_grass":94,"minecraft:deepslate_gold_ore":3,"minecraft:diorite":4,"luminousworld:whiteoaklog":2,"minecraft:coal_ore":94,"luminousworld:ishstone":1,"minecraft:gravel":1,"minecraft:cracked_stone_bricks":1,"luminousworld:elephant_grass":23,"minecraft:mossy_stone_bricks":3,"undead_revamp2:arapholia":2},"minecraft:broken":{"minecraft:stone_pickaxe":2,"minecraft:stone_sword":1,"minecraft:iron_axe":1},"minecraft:dropped":{"minecraft:iron_sword":2,"minecraft:cracked_stone_bricks":1,"minecraft:dirt":28,"minecraft:mutton":1,"gravestone:obituary":25,"minecraft:pumpkin_pie":7,"minecraft:bone_meal":3,"minecraft:wheat":3,"minecraft:pointed_dripstone":1,"luminousworld:tall_deadbush":2,"luminousworld:savannah_soil":2,"iceandfire:armor_silver_metal_boots":1,"born_in_chaos_v1:corpse_maggot":1,"minecraft:arrow":2,"minecraft:bread":4,"minecraft:wheat_seeds":12,"minecraft:oak_fence":1,"minecraft:iron_helmet":1,"minecraft:cobblestone":22,"minecraft:acacia_log":3,"minecraft:diorite":1,"luminousworld:savannah_ground":2,"iceandfire:armor_silver_metal_chestplate":1,"minecraft:iron_leggings":1,"minecraft:iron_axe":2,"minecraft:string":2,"minecraft:bucket":1,"alexsmobs:cooked_kangaroo_meat":2,"minecraft:potato":1,"iceandfire:silver_ingot":1,"luminousworld:blue_petunias":2},"minecraft:crafted":{"minecraft:oak_planks":104,"minecraft:cooked_mutton":3,"iceandfire:armor_silver_metal_chestplate":1,"minecraft:iron_boots":1,"minecraft:chest":1,"minecraft:oak_button":9,"minecraft:crafting_table":4,"minecraft:acacia_slab":6,"minecraft:wooden_pickaxe":1,"minecraft:iron_helmet":2,"minecraft:iron_chestplate":1,"minecraft:stick":68,"minecraft:iron_ingot":71,"minecraft:iron_pickaxe":1,"minecraft:stone_sword":3,"minecraft:gold_ingot":3,"minecraft:composter":1,"minecraft:furnace":3,"minecraft:bone_meal":18,"luminousworld:white_oak_slab":6,"minecraft:iron_axe":1,"luminousworld:white_oak_plank":8,"born_in_chaos_v1:fried_maggot":9,"minecraft:stone_pickaxe":6,"iceandfire:armor_silver_metal_boots":1,"iceandfire:silver_ingot":16,"alexsmobs:cooked_kangaroo_meat":5,"minecraft:iron_sword":3,"minecraft:bucket":2,"minecraft:stone_axe":3,"minecraft:air":0,"minecraft:bread":3,"minecraft:iron_leggings":2,"minecraft:acacia_planks":8,"minecraft:torch":112},"minecraft:custom":{"minecraft:interact_with_crafting_table":40,"minecraft:open_barrel":5,"minecraft:eat_cake_slice":8,"minecraft:leave_game":24,"minecraft:time_since_death":7289,"minecraft:sprint_one_cm":948459,"minecraft:drop":63,"minecraft:play_time":317113,"minecraft:deaths":35,"minecraft:jump":4849,"minecraft:walk_on_water_one_cm":9803,"minecraft:interact_with_furnace":51,"minecraft:damage_dealt":24857,"minecraft:player_kills":1,"minecraft:crouch_one_cm":3056,"minecraft:mob_kills":116,"minecraft:damage_dealt_resisted":2145,"minecraft:climb_one_cm":3680,"minecraft:walk_one_cm":694030,"minecraft:damage_dealt_absorbed":0,"minecraft:sneak_time":3305,"minecraft:walk_under_water_one_cm":1435,"minecraft:interact_with_blast_furnace":8,"minecraft:total_world_time":317113,"minecraft:time_since_rest":7320,"minecraft:damage_taken":10717,"minecraft:trigger_trapped_chest":7,"minecraft:swim_one_cm":1055,"minecraft:fly_one_cm":1747530,"minecraft:open_chest":36,"minecraft:fall_one_cm":152525},"minecraft:killed":{"luminousworld:miner_zombie":1,"cannibal:cannibal":1,"minecraft:spider":5,"undead_revamp2:thesmoker":1,"minecraft:skeleton":12,"minecraft:chicken":1,"undead_revamp2:therod":1,"alexsmobs:kangaroo":4,"minecraft:pig":1,"minecraft:zombie_villager":1,"born_in_chaos_v1:diamond_termite":3,"alexsmobs:seal":4,"undead_revamp2:theheavy":1,"minecraft:creeper":1,"iceandfire:cockatrice":1,"minecraft:zombie":6,"born_in_chaos_v1:dread_hound":3,"born_in_chaos_v1:corpse_fly":26,"undead_revamp2:thehunter":1,"undead_revamp2:thegliter":1,"born_in_chaos_v1:maggot":4,"minecraft:horse":1,"undead_revamp2:sucker":5,"luminousworld:savannah_zombie":1,"born_in_chaos_v1:barrel_zombie":1,"minecraft:husk":1,"born_in_chaos_v1:baby_skeleton":1,"born_in_chaos_v1:spirit_guide_assistant":2,"undead_revamp2:the_moonflower":4,"cannibal:cannibal_butcher":1,"born_in_chaos_v1:decrepit_skeleton":2,"alexsmobs:emu":2,"born_in_chaos_v1:bloody_gadfly":1,"undead_revamp2:thesomnolence":1,"iceandfire:ghost":3,"ecologics:squirrel":2,"alexsmobs:gazelle":7},"minecraft:killed_by":{"undead_revamp2:sucker":2,"undead_revamp2:the_moonflower":2,"minecraft:creeper":1,"born_in_chaos_v1:corpse_fly":2,"undead_revamp2:clogger":1,"born_in_chaos_v1:diamond_termite":1,"minecraft:husk":2,"minecraft:player":2,"minecraft:spider":1,"born_in_chaos_v1:zombie_clown":1,"undead_revamp2:thehunter":2,"undead_revamp2:therod":1,"minecraft:skeleton":1,"iceandfire:ghost":2,"iceandfire:cockatrice":1,"born_in_chaos_v1:dread_hound":1,"undead_revamp2:thebeartamer":3,"luminousworld:savannah_skeleton":1}},"DataVersion":3465}