{"stats":{"minecraft:picked_up":{"minecraft:crafting_table":6,"minecraft:wheat":12,"minecraft:cooked_beef":3,"minecraft:leather":4,"minecraft:wooden_pickaxe":1,"minecraft:oak_log":11,"minecraft:dirt":13,"minecraft:string":12,"minecraft:white_banner":1,"minecraft:iron_axe":1,"minecraft:bone":2,"minecraft:acacia_planks":37,"travelersbackpack:cow":1,"minecraft:wheat_seeds":6,"minecraft:beef":17,"minecraft:stone_pickaxe":1,"minecraft:melon_slice":4,"minecraft:furnace":3,"minecraft:stick":5,"minecraft:acacia_log":6,"minecraft:porkchop":6,"minecraft:diorite":1,"minecraft:dark_oak_log":4,"minecraft:spider_eye":1,"travelersbackpack:white_sleeping_bag":3,"minecraft:stone_sword":2,"minecraft:rotten_flesh":8,"minecraft:hay_block":3,"minecraft:crossbow":5,"minecraft:gray_wool":1,"minecraft:bread":11,"minecraft:black_wool":1,"minecraft:mutton":8,"minecraft:dark_oak_fence":4,"minecraft:coal":51,"minecraft:white_wool":5,"minecraft:cobblestone":104},"minecraft:killed":{"minecraft:pig":3,"minecraft:spider":4,"minecraft:sheep":5,"minecraft:pillager":9,"minecraft:zombie":1,"minecraft:cow":6},"minecraft:used":{"travelersbackpack:cow":2,"minecraft:stone_sword":112,"minecraft:stone_pickaxe":85,"minecraft:wooden_pickaxe":23,"minecraft:dirt":6,"minecraft:crafting_table":5,"sculkhorde:sculk_phantom_spawn_egg":1,"sculkhorde:sculk_mite_aggressor_spawn_egg":1,"minecraft:iron_axe":48,"minecraft:bread":4,"travelersbackpack:white_sleeping_bag":1,"minecraft:cobblestone":26,"minecraft:porkchop":3,"minecraft:furnace":2,"minecraft:cooked_porkchop":4,"minecraft:cooked_beef":2},"minecraft:mined":{"sculkhorde:grass":1,"minecraft:crafting_table":4,"minecraft:dark_oak_fence":2,"minecraft:acacia_log":6,"minecraft:grass_block":5,"minecraft:melon":1,"minecraft:cobblestone":2,"minecraft:tall_grass":3,"travelersbackpack:white_sleeping_bag":1,"minecraft:diorite":1,"minecraft:hay_block":3,"minecraft:furnace":2,"minecraft:grass":15,"minecraft:oak_log":11,"minecraft:coal_ore":19,"minecraft:vine":2,"travelersbackpack:cow":2,"minecraft:dirt":5,"minecraft:stone":72,"minecraft:white_wool":3,"minecraft:oak_leaves":1},"minecraft:crafted":{"minecraft:cooked_porkchop":4,"minecraft:crafting_table":2,"minecraft:wooden_pickaxe":2,"minecraft:furnace":1,"minecraft:bread":13,"minecraft:air":0,"travelersbackpack:white_sleeping_bag":1,"minecraft:stick":12,"minecraft:stone_pickaxe":1,"minecraft:stone_sword":3,"minecraft:acacia_planks":24,"minecraft:dark_oak_planks":8,"minecraft:wheat":27},"minecraft:custom":{"minecraft:interact_with_furnace":6,"minecraft:mob_kills":29,"minecraft:interact_with_crafting_table":10,"minecraft:open_barrel":10,"minecraft:leave_game":1,"minecraft:time_since_death":15739,"minecraft:sleep_in_bed":1,"minecraft:climb_one_cm":3799,"minecraft:time_since_rest":15795,"minecraft:sprint_one_cm":179248,"minecraft:damage_taken":1520,"minecraft:walk_one_cm":78061,"minecraft:drop":27,"minecraft:damage_dealt":4432,"minecraft:swim_one_cm":22938,"minecraft:fly_one_cm":185960,"minecraft:open_chest":5,"minecraft:crouch_one_cm":743,"minecraft:play_time":53929,"minecraft:deaths":3,"minecraft:sneak_time":619,"minecraft:walk_under_water_one_cm":2602,"minecraft:jump":717,"minecraft:walk_on_water_one_cm":38988,"minecraft:total_world_time":53929,"minecraft:fall_one_cm":13679},"minecraft:dropped":{"minecraft:bread":17,"minecraft:stone_sword":2,"minecraft:crossbow":3,"minecraft:leather":1,"minecraft:stick":5,"minecraft:diorite":1,"travelersbackpack:white_sleeping_bag":1,"minecraft:beef":5},"minecraft:killed_by":{"minecraft:pillager":2},"minecraft:broken":{"minecraft:iron_axe":1}},"DataVersion":3465}