{"stats":{"minecraft:picked_up":{"luminousworld:groundpebbles_1":1,"born_in_chaos_v1:river_mint":2,"luminousworld:yellow_grassflowers":1,"minecraft:wheat_seeds":4,"minecraft:lantern":1},"minecraft:used":{"minecraft:oak_log":30,"minecraft:oak_fence":84,"minecraft:glowstone":1,"minecraft:cobblestone":100,"minecraft:birch_slab":78,"minecraft:birch_planks":127,"minecraft:lantern":6,"minecraft:grass_block":185,"minecraft:oak_planks":4,"minecraft:chain":8,"minecraft:gold_block":5,"minecraft:trapped_chest":2,"minecraft:jungle_stairs":47,"minecraft:spruce_log":97,"minecraft:gravel":20,"minecraft:birch_stairs":58},"minecraft:killed":{"minecraft:pig":1},"minecraft:custom":{"minecraft:open_chest":1,"minecraft:time_since_rest":103615,"minecraft:crouch_one_cm":1045,"minecraft:sprint_one_cm":43350,"minecraft:play_time":103615,"minecraft:damage_taken":40,"minecraft:walk_one_cm":110004,"minecraft:sneak_time":1728,"minecraft:trigger_trapped_chest":5,"minecraft:mob_kills":1,"minecraft:damage_dealt_resisted":4,"minecraft:jump":220,"minecraft:damage_dealt":195,"minecraft:leave_game":15,"minecraft:time_since_death":103615,"minecraft:climb_one_cm":988,"minecraft:total_world_time":103615,"minecraft:fall_one_cm":659,"minecraft:fly_one_cm":725501}},"DataVersion":3465}