{"stats":{"minecraft:picked_up":{"luminousworld:groundpebbles_1":1,"ecologics:walnut":3,"born_in_chaos_v1:river_mint":2,"cannibal:bone_sword":1,"minecraft:oak_log":9,"minecraft:lantern":2,"minecraft:name_tag":1,"minecraft:bone":1,"ecologics:walnut_sapling":7,"minecraft:beetroot":1,"minecraft:wheat_seeds":6,"luminousworld:white_petunias":1,"minecraft:stick":3,"minecraft:copper_ingot":2,"minecraft:oak_fence":1,"cannibal:stone_saw":1,"minecraft:prismarine_crystals":2,"luminousworld:grassflowers":1,"minecraft:arrow":2,"minecraft:rotten_flesh":4,"luminousworld:yellow_grassflowers":1,"minecraft:scute":1,"minecraft:cobblestone":34},"minecraft:used":{"minecraft:beetroot":1,"minecraft:oak_fence":84,"minecraft:stone_sword":63,"minecraft:birch_planks":127,"minecraft:stone_pickaxe":34,"cannibal:stone_saw":57,"minecraft:oak_planks":4,"minecraft:wooden_pickaxe":16,"minecraft:rotten_flesh":2,"minecraft:crafting_table":1,"cannibal:cannibal_butcher_spawn_egg":1,"minecraft:spruce_log":98,"minecraft:oak_log":30,"minecraft:birch_slab":78,"minecraft:lantern":7,"minecraft:grass_block":185,"cannibal:cannibal_spawn_egg":1,"minecraft:jungle_stairs":47,"cannibal:bone_sword":5,"minecraft:gravel":20,"minecraft:glowstone":1,"minecraft:cobblestone":100,"ecologics:walnut":3,"minecraft:chain":8,"born_in_chaos_v1:wood_splitter_axe":6,"minecraft:gold_block":5,"minecraft:trapped_chest":2,"minecraft:birch_stairs":58},"minecraft:mined":{"luminousworld:white_petunias":1,"luminousworld:savannah_grass_1":2,"gravestone:gravestone":1,"luminousworld:grassflowers":1,"minecraft:tall_grass":10,"minecraft:grass":24,"minecraft:oak_log":12,"luminousworld:grassvariant_3":3,"minecraft:stone":34,"luminousworld:savannah_grass_4":4,"minecraft:oak_leaves":3},"minecraft:dropped":{"minecraft:oak_fence":1,"minecraft:cobblestone":22},"minecraft:crafted":{"minecraft:oak_planks":36,"minecraft:crafting_table":1,"minecraft:wooden_pickaxe":1,"minecraft:stick":4,"minecraft:stone_pickaxe":1,"minecraft:stone_sword":1},"minecraft:custom":{"minecraft:mob_kills":14,"minecraft:interact_with_crafting_table":4,"minecraft:damage_dealt_resisted":103,"minecraft:leave_game":16,"minecraft:time_since_death":110,"minecraft:climb_one_cm":988,"minecraft:time_since_rest":141,"minecraft:sprint_one_cm":112656,"minecraft:damage_taken":560,"minecraft:walk_one_cm":160859,"minecraft:trigger_trapped_chest":5,"minecraft:drop":2,"minecraft:damage_dealt":4249,"minecraft:fly_one_cm":874017,"minecraft:open_chest":1,"minecraft:crouch_one_cm":1047,"minecraft:play_time":130946,"minecraft:deaths":3,"minecraft:sneak_time":1785,"minecraft:jump":602,"minecraft:total_world_time":130946,"minecraft:fall_one_cm":11614},"minecraft:killed":{"born_in_chaos_v1:barrel_zombie":1,"minecraft:pig":1,"cannibal:cannibal":1,"cannibal:cannibal_butcher":1,"born_in_chaos_v1:maggot":1,"minecraft:horse":1,"minecraft:skeleton":2,"minecraft:zombie":1,"ecologics:squirrel":1,"undead_revamp2:therod":1,"undead_revamp2:sucker":3},"minecraft:killed_by":{"undead_revamp2:therod":1,"born_in_chaos_v1:zombie_clown":1}},"DataVersion":3465}