{"stats":{"minecraft:picked_up":{"born_in_chaos_v1:fused_bone":1,"luminousworld:groundpebbles_1":1,"luminousworld:savannah_ground":2,"minecraft:crafting_table":2,"ecologics:walnut":3,"born_in_chaos_v1:river_mint":2,"cannibal:bone_sword":1,"minecraft:oak_log":15,"gravestone:obituary":2,"alexsmobs:cooked_kangaroo_meat":1,"minecraft:gunpowder":1,"alexsmobs:gazelle_horn":2,"minecraft:dirt":2,"minecraft:lantern":2,"minecraft:iron_axe":1,"minecraft:name_tag":1,"minecraft:bone":4,"minecraft:beetroot":1,"ecologics:walnut_sapling":7,"minecraft:wheat_seeds":8,"alexsmobs:emu_feather":2,"luminousworld:elephant_grass":5,"born_in_chaos_v1:gnawed_bones":1,"luminousworld:white_petunias":1,"minecraft:oak_planks":1,"minecraft:furnace":1,"minecraft:stick":5,"minecraft:raw_iron":8,"luminousworld:blue_petunias":1,"minecraft:copper_ingot":2,"minecraft:oak_fence":1,"minecraft:acacia_log":3,"luminousworld:sunset_petunias":1,"luminousworld:savannah_soil":3,"cannibal:stone_saw":1,"minecraft:pointed_dripstone":1,"minecraft:diorite":1,"minecraft:prismarine_crystals":2,"luminousworld:grassflowers":1,"alexsmobs:kangaroo_hide":1,"minecraft:arrow":2,"minecraft:rotten_flesh":4,"luminousworld:yellow_grassflowers":1,"minecraft:scute":1,"luminousworld:tall_deadbush":1,"minecraft:mutton":3,"minecraft:coal":29,"alexsmobs:kangaroo_meat":3,"iceandfire:raw_silver":3,"minecraft:cobblestone":120},"minecraft:mined":{"luminousworld:savannah_soil":2,"minecraft:acacia_leaves":1,"iceandfire:silver_ore":3,"luminousworld:grassvariant_4":2,"luminousworld:tall_deadbush":1,"luminousworld:blue_petunias":1,"minecraft:powder_snow":1,"gravestone:gravestone":7,"minecraft:crafting_table":2,"luminousworld:savannah_grass_1":17,"minecraft:acacia_log":3,"luminousworld:grassvariant_2":2,"luminousworld:grassflowers":1,"minecraft:tall_grass":12,"minecraft:oak_planks":1,"minecraft:diorite":1,"luminousworld:savanna_grass_2":11,"luminousworld:sunset_petunias":2,"minecraft:furnace":1,"minecraft:iron_ore":8,"minecraft:grass":32,"minecraft:coal_ore":30,"minecraft:oak_log":18,"minecraft:pointed_dripstone":2,"minecraft:dirt":1,"luminousworld:grassvariant_3":4,"luminousworld:elephant_grass":7,"minecraft:stone":89,"luminousworld:savannah_grass_4":20,"minecraft:oak_leaves":3,"luminousworld:savannah_ground":1,"luminousworld:white_petunias":1},"minecraft:used":{"minecraft:beetroot":1,"minecraft:stone_sword":180,"minecraft:birch_planks":127,"cannibal:stone_saw":57,"minecraft:stone_pickaxe":136,"minecraft:oak_planks":18,"minecraft:wooden_pickaxe":16,"minecraft:iron_sword":36,"minecraft:rotten_flesh":2,"minecraft:torch":4,"minecraft:dirt":1,"minecraft:crafting_table":3,"alexsmobs:cooked_kangaroo_meat":2,"cannibal:cannibal_butcher_spawn_egg":1,"minecraft:spruce_log":98,"minecraft:oak_log":30,"minecraft:lantern":7,"minecraft:birch_slab":78,"cannibal:cannibal_spawn_egg":1,"minecraft:grass_block":185,"minecraft:jungle_stairs":47,"cannibal:bone_sword":5,"minecraft:gravel":20,"minecraft:glowstone":1,"luminousworld:sunset_petunias":1,"minecraft:cobblestone":113,"luminousworld:savannah_soil":1,"minecraft:furnace":2,"ecologics:walnut":3,"minecraft:chain":8,"born_in_chaos_v1:wood_splitter_axe":6,"minecraft:gold_block":5,"minecraft:trapped_chest":2,"minecraft:birch_stairs":58,"minecraft:cooked_mutton":2,"minecraft:oak_fence":84},"minecraft:dropped":{"minecraft:oak_fence":1,"minecraft:cobblestone":22,"alexsmobs:cooked_kangaroo_meat":2,"gravestone:obituary":1,"minecraft:iron_axe":2},"minecraft:crafted":{"minecraft:oak_planks":60,"iceandfire:silver_ingot":3,"minecraft:crafting_table":1,"minecraft:wooden_pickaxe":1,"alexsmobs:cooked_kangaroo_meat":3,"minecraft:iron_sword":1,"minecraft:furnace":2,"minecraft:stone_axe":1,"minecraft:air":0,"minecraft:cooked_mutton":3,"minecraft:iron_axe":1,"minecraft:stick":12,"minecraft:iron_ingot":6,"minecraft:stone_pickaxe":2,"minecraft:stone_sword":2,"minecraft:torch":4},"minecraft:custom":{"minecraft:interact_with_furnace":10,"minecraft:mob_kills":31,"minecraft:interact_with_crafting_table":9,"minecraft:open_barrel":1,"minecraft:damage_dealt_resisted":127,"minecraft:leave_game":18,"minecraft:time_since_death":9008,"minecraft:climb_one_cm":988,"minecraft:time_since_rest":9040,"minecraft:sprint_one_cm":280364,"minecraft:damage_taken":2533,"minecraft:walk_one_cm":272692,"minecraft:trigger_trapped_chest":5,"minecraft:drop":6,"minecraft:damage_dealt":7946,"minecraft:fly_one_cm":1070839,"minecraft:player_kills":1,"minecraft:open_chest":1,"minecraft:play_time":168934,"minecraft:crouch_one_cm":2090,"minecraft:deaths":10,"minecraft:sneak_time":2614,"minecraft:jump":1599,"minecraft:interact_with_blast_furnace":5,"minecraft:walk_on_water_one_cm":27,"minecraft:total_world_time":168934,"minecraft:fall_one_cm":46442},"minecraft:killed":{"born_in_chaos_v1:barrel_zombie":1,"luminousworld:miner_zombie":1,"minecraft:pig":1,"cannibal:cannibal":1,"born_in_chaos_v1:spirit_guide_assistant":2,"cannibal:cannibal_butcher":1,"born_in_chaos_v1:maggot":1,"alexsmobs:emu":2,"minecraft:horse":1,"minecraft:skeleton":3,"minecraft:zombie":1,"born_in_chaos_v1:dread_hound":1,"ecologics:squirrel":1,"alexsmobs:gazelle":6,"undead_revamp2:therod":1,"undead_revamp2:sucker":3,"alexsmobs:kangaroo":1,"luminousworld:savannah_zombie":1},"minecraft:killed_by":{"undead_revamp2:thehunter":1,"minecraft:husk":1,"minecraft:player":1,"undead_revamp2:therod":1,"born_in_chaos_v1:zombie_clown":1,"born_in_chaos_v1:dread_hound":1,"undead_revamp2:clogger":1,"luminousworld:savannah_skeleton":1}},"DataVersion":3465}