{"stats":{"minecraft:picked_up":{"luminousworld:groundpebbles_1":6,"born_in_chaos_v1:diamond_termite_shard":3,"minecraft:crafting_table":7,"minecraft:wheat":3,"minecraft:chicken":1,"iceandfire:witherbone":1,"born_in_chaos_v1:river_mint":4,"gravestone:obituary":5,"cannibal:bone_mask":1,"minecraft:string":2,"born_in_chaos_v1:black_argillite":2,"alexsmobs:gazelle_horn":2,"minecraft:iron_axe":1,"minecraft:beetroot":1,"ecologics:walnut_sapling":7,"minecraft:cracked_stone_bricks":1,"alexsmobs:emu_feather":2,"born_in_chaos_v1:gnawed_bones":2,"minecraft:furnace":3,"minecraft:stick":5,"minecraft:raw_iron":71,"iceandfire:ghost_chest":1,"luminousworld:blue_petunias":7,"minecraft:copper_ingot":2,"minecraft:oak_fence":1,"minecraft:torch":5,"minecraft:acacia_log":9,"luminousworld:savannah_soil":4,"cannibal:stone_saw":1,"minecraft:pointed_dripstone":2,"minecraft:diorite":5,"born_in_chaos_v1:pieceofdarkmetal":2,"minecraft:prismarine_crystals":2,"luminousworld:grassflowers":5,"minecraft:arrow":10,"minecraft:rotten_flesh":37,"luminousworld:yellow_grassflowers":5,"luminousworld:tall_deadbush":2,"minecraft:glow_berries":1,"minecraft:birch_log":7,"minecraft:mutton":4,"undead_revamp2:arapholia":6,"minecraft:iron_bars":1,"minecraft:skeleton_skull":2,"alexsmobs:kangaroo_meat":8,"minecraft:cobblestone":218,"born_in_chaos_v1:fused_bone":1,"born_in_chaos_v1:corpse_maggot":29,"luminousworld:savannah_ground":6,"ecologics:walnut":7,"minecraft:feather":3,"born_in_chaos_v1:monster_flesh":1,"minecraft:andesite":6,"cannibal:bone_sword":1,"luminousworld:ishstone":2,"minecraft:tuff":3,"minecraft:oak_log":26,"undead_revamp2:huntereye":1,"iceandfire:ectoplasm":1,"alexsmobs:cooked_kangaroo_meat":1,"minecraft:gunpowder":2,"minecraft:dirt":42,"minecraft:lantern":2,"minecraft:name_tag":1,"born_in_chaos_v1:monster_skin":1,"minecraft:bone":13,"minecraft:wheat_seeds":56,"minecraft:raw_gold":2,"minecraft:cooked_chicken":1,"luminousworld:elephant_grass":16,"minecraft:mossy_stone_bricks":3,"minecraft:iron_sword":1,"luminousworld:white_petunias":2,"minecraft:oak_planks":1,"luminousworld:clovers_1":1,"minecraft:gravel":1,"luminousworld:sunset_petunias":1,"minecraft:spider_eye":1,"luminousworld:whiteoaklog":2,"undead_revamp2:rawbostrox":1,"alexsmobs:kangaroo_hide":6,"minecraft:slime_ball":5,"luminousworld:yellowpetunias":5,"minecraft:granite":3,"minecraft:bone_meal":2,"minecraft:scute":1,"minecraft:bread":11,"born_in_chaos_v1:rotten_fish":2,"undead_revamp2:bostroxingot":1,"minecraft:coal":117,"iceandfire:raw_silver":16},"minecraft:used":{"minecraft:oak_fence":84,"minecraft:beetroot":1,"minecraft:iron_bars":1,"minecraft:stone_sword":333,"minecraft:acacia_log":3,"minecraft:chest":1,"minecraft:iron_sword":323,"born_in_chaos_v1:fried_maggot":6,"luminousworld:savannah_ground":1,"minecraft:cooked_chicken":1,"minecraft:rotten_flesh":32,"minecraft:torch":117,"minecraft:dirt":4,"luminousworld:grassflowers":4,"alexsmobs:cooked_kangaroo_meat":4,"born_in_chaos_v1:corpse_maggot":17,"minecraft:iron_axe":13,"minecraft:lantern":7,"minecraft:grass_block":185,"cannibal:cannibal_spawn_egg":1,"minecraft:acacia_slab":1,"undead_revamp2:huntereye":1,"minecraft:glowstone":1,"luminousworld:blue_petunias":5,"luminousworld:savannah_soil":1,"minecraft:furnace":5,"ecologics:walnut":7,"undead_revamp2:arapholia":2,"minecraft:gold_block":5,"minecraft:trapped_chest":2,"minecraft:pointed_dripstone":1,"minecraft:wheat_seeds":26,"minecraft:cooked_mutton":3,"minecraft:water_bucket":2,"minecraft:birch_planks":127,"minecraft:stone_pickaxe":372,"cannibal:stone_saw":57,"minecraft:oak_planks":18,"minecraft:wooden_pickaxe":16,"minecraft:composter":1,"luminousworld:groundpebbles_1":2,"luminousworld:yellow_grassflowers":4,"luminousworld:yellowpetunias":5,"minecraft:glow_berries":1,"luminousworld:white_petunias":1,"minecraft:crafting_table":10,"cannibal:cannibal_butcher_spawn_egg":1,"minecraft:spruce_log":98,"minecraft:oak_log":30,"minecraft:iron_pickaxe":133,"minecraft:birch_slab":78,"minecraft:bread":8,"alexsmobs:kangaroo_meat":2,"minecraft:jungle_stairs":47,"cannibal:bone_sword":5,"minecraft:gravel":20,"minecraft:stone_axe":23,"luminousworld:sunset_petunias":1,"minecraft:cobblestone":173,"born_in_chaos_v1:rotten_fish":2,"minecraft:bucket":2,"minecraft:chain":8,"born_in_chaos_v1:wood_splitter_axe":6,"minecraft:bone_meal":16,"minecraft:birch_stairs":58},"minecraft:mined":{"luminousworld:white_petunias":3,"minecraft:tuff":3,"luminousworld:groundpebbles_1":1,"luminousworld:yellowpetunias":6,"iceandfire:silver_ore":16,"luminousworld:grassvariant_4":42,"luminousworld:blue_petunias":6,"born_in_chaos_v1:infected_diamond_ore":2,"minecraft:granite":3,"gravestone:gravestone":32,"minecraft:acacia_log":6,"born_in_chaos_v1:dark_metal_deposit":2,"minecraft:grass_block":39,"born_in_chaos_v1:black_argillite":2,"luminousworld:grassvariant_2":81,"luminousworld:clovers_2":1,"luminousworld:groundpebbles_3":2,"luminousworld:savanna_grass_2":49,"minecraft:large_fern":1,"luminousworld:sunset_petunias":2,"luminousworld:yellow_grassflowers":3,"minecraft:furnace":3,"minecraft:iron_ore":56,"minecraft:andesite":7,"minecraft:deepslate_iron_ore":15,"minecraft:vine":2,"minecraft:iron_bars":2,"minecraft:pointed_dripstone":2,"luminousworld:groundpebbles_2":1,"minecraft:stone":176,"luminousworld:savannah_soil":3,"minecraft:acacia_leaves":1,"luminousworld:tall_deadbush":3,"minecraft:powder_snow":1,"minecraft:crafting_table":8,"minecraft:torch":3,"luminousworld:savannah_grass_1":49,"iceandfire:ghost_chest":1,"luminousworld:grassflowers":5,"minecraft:tall_grass":94,"minecraft:cobblestone":8,"minecraft:deepslate_gold_ore":2,"minecraft:oak_planks":1,"minecraft:wall_torch":2,"minecraft:diorite":4,"luminousworld:whiteoaklog":2,"minecraft:skeleton_skull":1,"minecraft:birch_log":7,"minecraft:wheat":1,"minecraft:grass":253,"minecraft:oak_log":29,"minecraft:coal_ore":81,"luminousworld:ishstone":1,"minecraft:gravel":1,"minecraft:dirt":8,"minecraft:cracked_stone_bricks":1,"luminousworld:grassvariant_3":53,"luminousworld:savannah_grass_4":57,"luminousworld:elephant_grass":23,"minecraft:mossy_stone_bricks":3,"minecraft:oak_leaves":7,"luminousworld:savannah_ground":5,"undead_revamp2:arapholia":2},"minecraft:broken":{"minecraft:stone_sword":1,"minecraft:stone_pickaxe":2,"minecraft:iron_axe":1},"minecraft:dropped":{"minecraft:bread":3,"minecraft:iron_sword":2,"minecraft:wheat_seeds":12,"minecraft:oak_fence":1,"minecraft:cobblestone":22,"minecraft:acacia_log":3,"minecraft:dirt":24,"minecraft:diorite":1,"minecraft:mutton":1,"luminousworld:savannah_ground":2,"minecraft:bone_meal":3,"gravestone:obituary":23,"minecraft:iron_axe":2,"minecraft:string":2,"minecraft:bucket":1,"minecraft:wheat":3,"minecraft:pointed_dripstone":1,"luminousworld:tall_deadbush":2,"luminousworld:savannah_soil":2,"alexsmobs:cooked_kangaroo_meat":2,"born_in_chaos_v1:corpse_maggot":1,"minecraft:arrow":2,"luminousworld:blue_petunias":2},"minecraft:crafted":{"minecraft:oak_planks":104,"minecraft:furnace":3,"minecraft:bone_meal":18,"minecraft:cooked_mutton":3,"luminousworld:white_oak_slab":6,"minecraft:iron_axe":1,"luminousworld:white_oak_plank":8,"born_in_chaos_v1:fried_maggot":6,"minecraft:stone_pickaxe":6,"minecraft:oak_button":9,"minecraft:chest":1,"iceandfire:silver_ingot":3,"minecraft:crafting_table":4,"minecraft:acacia_slab":6,"minecraft:wooden_pickaxe":1,"alexsmobs:cooked_kangaroo_meat":5,"minecraft:iron_sword":3,"minecraft:bucket":2,"minecraft:stone_axe":3,"minecraft:air":0,"minecraft:stick":68,"minecraft:iron_pickaxe":1,"minecraft:iron_ingot":52,"minecraft:stone_sword":3,"minecraft:composter":1,"minecraft:acacia_planks":8,"minecraft:torch":112},"minecraft:custom":{"minecraft:mob_kills":106,"minecraft:interact_with_crafting_table":34,"minecraft:open_barrel":1,"minecraft:damage_dealt_resisted":2145,"minecraft:leave_game":22,"minecraft:time_since_death":2451,"minecraft:climb_one_cm":1208,"minecraft:sprint_one_cm":854144,"minecraft:walk_one_cm":612379,"minecraft:drop":51,"minecraft:damage_dealt_absorbed":0,"minecraft:play_time":293341,"minecraft:deaths":34,"minecraft:sneak_time":3183,"minecraft:walk_under_water_one_cm":1401,"minecraft:jump":4555,"minecraft:interact_with_blast_furnace":5,"minecraft:walk_on_water_one_cm":8972,"minecraft:total_world_time":293341,"minecraft:interact_with_furnace":38,"minecraft:time_since_rest":2474,"minecraft:damage_taken":10072,"minecraft:trigger_trapped_chest":7,"minecraft:damage_dealt":22060,"minecraft:swim_one_cm":1055,"minecraft:fly_one_cm":1682845,"minecraft:player_kills":1,"minecraft:open_chest":20,"minecraft:crouch_one_cm":2778,"minecraft:fall_one_cm":144981},"minecraft:killed":{"luminousworld:miner_zombie":1,"undead_revamp2:thehunter":1,"cannibal:cannibal":1,"undead_revamp2:thegliter":1,"minecraft:spider":3,"undead_revamp2:thesmoker":1,"born_in_chaos_v1:maggot":4,"minecraft:skeleton":8,"minecraft:horse":1,"minecraft:chicken":1,"undead_revamp2:therod":1,"undead_revamp2:sucker":5,"alexsmobs:kangaroo":4,"luminousworld:savannah_zombie":1,"born_in_chaos_v1:barrel_zombie":1,"minecraft:pig":1,"born_in_chaos_v1:baby_skeleton":1,"born_in_chaos_v1:diamond_termite":3,"minecraft:zombie_villager":1,"born_in_chaos_v1:spirit_guide_assistant":2,"undead_revamp2:the_moonflower":2,"alexsmobs:seal":4,"undead_revamp2:theheavy":1,"cannibal:cannibal_butcher":1,"minecraft:creeper":1,"iceandfire:cockatrice":1,"born_in_chaos_v1:decrepit_skeleton":2,"alexsmobs:emu":2,"born_in_chaos_v1:bloody_gadfly":1,"undead_revamp2:thesomnolence":1,"minecraft:zombie":5,"ecologics:squirrel":2,"iceandfire:ghost":3,"born_in_chaos_v1:dread_hound":3,"born_in_chaos_v1:corpse_fly":26,"alexsmobs:gazelle":7},"minecraft:killed_by":{"minecraft:husk":1,"undead_revamp2:sucker":2,"minecraft:player":2,"undead_revamp2:the_moonflower":2,"minecraft:creeper":1,"minecraft:spider":1,"born_in_chaos_v1:corpse_fly":2,"born_in_chaos_v1:zombie_clown":1,"undead_revamp2:clogger":1,"undead_revamp2:thehunter":2,"born_in_chaos_v1:diamond_termite":1,"undead_revamp2:therod":1,"minecraft:skeleton":1,"iceandfire:ghost":2,"iceandfire:cockatrice":1,"born_in_chaos_v1:dread_hound":1,"undead_revamp2:thebeartamer":3,"luminousworld:savannah_skeleton":1}},"DataVersion":3465}