{"stats":{"minecraft:picked_up":{"minecraft:crafting_table":7,"minecraft:wheat":20,"minecraft:cooked_beef":4,"minecraft:leather":5,"minecraft:wooden_pickaxe":3,"minecraft:oak_log":22,"minecraft:chainmail_chestplate":2,"minecraft:acacia_boat":1,"minecraft:dirt":13,"minecraft:string":70,"minecraft:white_banner":1,"minecraft:iron_axe":3,"minecraft:bone":2,"minecraft:apple":8,"minecraft:acacia_planks":37,"travelersbackpack:cow":1,"minecraft:wheat_seeds":9,"minecraft:beef":18,"minecraft:stone_pickaxe":2,"minecraft:melon_slice":4,"minecraft:furnace":4,"minecraft:stick":5,"minecraft:cooked_porkchop":4,"minecraft:acacia_log":18,"minecraft:porkchop":6,"minecraft:diorite":1,"minecraft:dark_oak_log":4,"minecraft:spider_eye":2,"travelersbackpack:white_sleeping_bag":5,"minecraft:stone_sword":2,"minecraft:rotten_flesh":12,"minecraft:hay_block":3,"minecraft:crossbow":6,"minecraft:black_banner":1,"minecraft:saddle":2,"minecraft:gray_wool":2,"minecraft:golden_horse_armor":2,"minecraft:bread":11,"minecraft:black_wool":1,"minecraft:mutton":25,"minecraft:dark_oak_fence":4,"minecraft:coal":68,"minecraft:white_wool":8,"minecraft:cobblestone":134},"minecraft:killed":{"minecraft:pig":3,"minecraft:spider":4,"minecraft:creeper":1,"minecraft:sheep":8,"minecraft:pillager":9,"minecraft:zombie":1,"minecraft:cow":7},"minecraft:used":{"minecraft:acacia_boat":1,"travelersbackpack:cow":2,"minecraft:stone_sword":112,"minecraft:stone_pickaxe":85,"minecraft:wooden_pickaxe":23,"minecraft:dirt":6,"minecraft:crafting_table":6,"minecraft:chainmail_chestplate":1,"sculkhorde:sculk_phantom_spawn_egg":1,"sculkhorde:sculk_mite_aggressor_spawn_egg":1,"minecraft:iron_axe":74,"minecraft:bread":5,"travelersbackpack:white_sleeping_bag":1,"minecraft:cobblestone":26,"minecraft:porkchop":3,"minecraft:furnace":2,"minecraft:cooked_porkchop":6,"minecraft:cooked_beef":2},"minecraft:mined":{"sculkhorde:grass":1,"minecraft:crafting_table":5,"minecraft:dark_oak_fence":2,"minecraft:acacia_log":18,"minecraft:grass_block":5,"minecraft:melon":1,"minecraft:cobblestone":2,"minecraft:tall_grass":3,"travelersbackpack:white_sleeping_bag":1,"minecraft:diorite":1,"minecraft:hay_block":3,"minecraft:furnace":2,"minecraft:grass":15,"minecraft:oak_log":11,"minecraft:coal_ore":19,"minecraft:vine":2,"travelersbackpack:cow":2,"minecraft:dirt":5,"minecraft:stone":72,"minecraft:white_wool":3,"minecraft:oak_leaves":1},"minecraft:crafted":{"minecraft:cooked_porkchop":4,"minecraft:crafting_table":3,"minecraft:wooden_pickaxe":2,"minecraft:furnace":1,"minecraft:acacia_boat":1,"minecraft:bread":13,"minecraft:air":0,"travelersbackpack:white_sleeping_bag":1,"minecraft:stick":12,"minecraft:stone_pickaxe":1,"minecraft:stone_sword":3,"minecraft:acacia_planks":72,"minecraft:dark_oak_planks":8,"minecraft:wheat":27},"minecraft:custom":{"minecraft:interact_with_furnace":6,"minecraft:mob_kills":34,"minecraft:interact_with_crafting_table":11,"minecraft:open_barrel":10,"minecraft:leave_game":2,"minecraft:time_since_death":10130,"minecraft:sleep_in_bed":2,"minecraft:climb_one_cm":3799,"minecraft:time_since_rest":8100,"minecraft:sprint_one_cm":190899,"minecraft:damage_taken":2288,"minecraft:walk_one_cm":83041,"minecraft:drop":27,"minecraft:damage_dealt":4971,"minecraft:swim_one_cm":86194,"minecraft:fly_one_cm":362349,"minecraft:open_chest":5,"minecraft:crouch_one_cm":743,"minecraft:play_time":66322,"minecraft:deaths":5,"minecraft:sneak_time":1261,"minecraft:walk_under_water_one_cm":14453,"minecraft:boat_one_cm":8003,"minecraft:jump":864,"minecraft:walk_on_water_one_cm":62406,"minecraft:total_world_time":66322,"minecraft:fall_one_cm":16231},"minecraft:dropped":{"minecraft:bread":17,"minecraft:stone_sword":2,"minecraft:crossbow":3,"minecraft:leather":1,"minecraft:stick":5,"minecraft:diorite":1,"travelersbackpack:white_sleeping_bag":1,"minecraft:beef":5},"minecraft:killed_by":{"minecraft:pillager":2},"minecraft:broken":{"minecraft:iron_axe":1}},"DataVersion":3465}