{"stats":{"minecraft:picked_up":{"born_in_chaos_v1:river_mint":1,"luminousworld:yellow_grassflowers":1,"minecraft:wheat_seeds":2,"minecraft:lantern":1},"minecraft:used":{"minecraft:oak_log":30,"minecraft:oak_fence":84,"minecraft:glowstone":1,"minecraft:cobblestone":84,"minecraft:birch_slab":78,"minecraft:birch_planks":127,"minecraft:lantern":5,"minecraft:grass_block":99,"minecraft:oak_planks":4,"minecraft:gold_block":5,"minecraft:trapped_chest":2,"minecraft:jungle_stairs":47,"minecraft:spruce_log":97,"minecraft:birch_stairs":58},"minecraft:killed":{"minecraft:pig":1},"minecraft:custom":{"minecraft:time_since_rest":93700,"minecraft:crouch_one_cm":910,"minecraft:sprint_one_cm":36873,"minecraft:play_time":93700,"minecraft:damage_taken":40,"minecraft:walk_one_cm":94709,"minecraft:sneak_time":1192,"minecraft:trigger_trapped_chest":5,"minecraft:mob_kills":1,"minecraft:jump":185,"minecraft:damage_dealt":181,"minecraft:leave_game":14,"minecraft:time_since_death":93700,"minecraft:total_world_time":93700,"minecraft:fall_one_cm":659,"minecraft:fly_one_cm":420183}},"DataVersion":3465}