{"stats":{"minecraft:picked_up":{"luminousworld:groundpebbles_1":1,"born_in_chaos_v1:river_mint":2,"cannibal:bone_sword":1,"luminousworld:yellow_grassflowers":1,"minecraft:wheat_seeds":4,"minecraft:lantern":1},"minecraft:used":{"minecraft:oak_log":30,"minecraft:oak_fence":84,"minecraft:glowstone":1,"minecraft:cobblestone":100,"minecraft:grass_block":185,"minecraft:birch_slab":78,"minecraft:birch_planks":127,"minecraft:lantern":6,"cannibal:cannibal_spawn_egg":1,"minecraft:oak_planks":4,"minecraft:chain":8,"minecraft:gold_block":5,"minecraft:jungle_stairs":47,"minecraft:trapped_chest":2,"cannibal:bone_sword":5,"minecraft:spruce_log":97,"minecraft:gravel":20,"minecraft:birch_stairs":58},"minecraft:killed":{"minecraft:pig":1,"cannibal:cannibal":1},"minecraft:custom":{"minecraft:open_chest":1,"minecraft:time_since_rest":106946,"minecraft:crouch_one_cm":1045,"minecraft:sprint_one_cm":47668,"minecraft:play_time":106946,"minecraft:damage_taken":40,"minecraft:walk_one_cm":111468,"minecraft:sneak_time":1728,"minecraft:trigger_trapped_chest":5,"minecraft:mob_kills":2,"minecraft:damage_dealt_resisted":4,"minecraft:jump":244,"minecraft:damage_dealt":415,"minecraft:leave_game":16,"minecraft:time_since_death":106946,"minecraft:climb_one_cm":988,"minecraft:total_world_time":106946,"minecraft:fall_one_cm":659,"minecraft:fly_one_cm":731920}},"DataVersion":3465}