{"stats":{"minecraft:killed_by":{"undead_revamp2:the_moonflower":1},"minecraft:custom":{"minecraft:time_since_rest":17667,"minecraft:open_chest":3,"minecraft:play_time":18977,"minecraft:sprint_one_cm":32643,"minecraft:walk_one_cm":16981,"minecraft:damage_taken":270,"minecraft:deaths":1,"minecraft:sneak_time":656,"minecraft:walk_under_water_one_cm":2753,"minecraft:jump":95,"minecraft:damage_dealt":22,"minecraft:time_since_death":17515,"minecraft:walk_on_water_one_cm":1470,"minecraft:total_world_time":18977,"minecraft:climb_one_cm":577,"minecraft:swim_one_cm":16314,"minecraft:fall_one_cm":482,"minecraft:fly_one_cm":587710},"minecraft:picked_up":{"luminousworld:groundpebbles_1":1,"minecraft:rotten_flesh":3,"ecologics:coconut_slice":2,"minecraft:dandelion":1,"undead_revamp2:arapholia":2,"minecraft:dirt":12},"minecraft:used":{"born_in_chaos_v1:thornshell_crab_spawn_egg":2,"ecologics:coconut_slice":1,"minecraft:cow_spawn_egg":11,"minecraft:dirt":4,"minecraft:chicken_spawn_egg":3,"born_in_chaos_v1:zombie_clown_spawn_egg":4,"alexsmobs:animal_dictionary":1,"minecraft:sheep_spawn_egg":3}},"DataVersion":3465}