{"stats":{"minecraft:killed_by":{"undead_revamp2:the_moonflower":1},"minecraft:custom":{"minecraft:time_since_rest":34380,"minecraft:open_chest":6,"minecraft:crouch_one_cm":54,"minecraft:play_time":35690,"minecraft:sprint_one_cm":49256,"minecraft:walk_one_cm":34641,"minecraft:damage_taken":270,"minecraft:deaths":1,"minecraft:sneak_time":1356,"minecraft:walk_under_water_one_cm":2753,"minecraft:mob_kills":1,"minecraft:damage_dealt_resisted":48,"minecraft:jump":214,"minecraft:damage_dealt":480,"minecraft:leave_game":1,"minecraft:time_since_death":34228,"minecraft:walk_on_water_one_cm":1470,"minecraft:total_world_time":35690,"minecraft:climb_one_cm":577,"minecraft:swim_one_cm":16314,"minecraft:fall_one_cm":482,"minecraft:fly_one_cm":996043,"minecraft:open_barrel":1},"minecraft:killed":{"undead_revamp2:thewolf":1},"minecraft:picked_up":{"luminousworld:groundpebbles_1":1,"minecraft:rotten_flesh":4,"ecologics:coconut_slice":2,"minecraft:dandelion":1,"undead_revamp2:arapholia":2,"minecraft:dirt":12},"minecraft:used":{"minecraft:torch":37,"born_in_chaos_v1:thornshell_crab_spawn_egg":2,"minecraft:netherite_sword":7,"ecologics:coconut_slice":1,"minecraft:cow_spawn_egg":28,"minecraft:dirt":4,"minecraft:bow":2,"minecraft:pig_spawn_egg":24,"minecraft:chicken_spawn_egg":20,"born_in_chaos_v1:zombie_clown_spawn_egg":4,"alexsmobs:animal_dictionary":1,"minecraft:coarse_dirt":1,"aether:phyg_spawn_egg":1,"minecraft:sheep_spawn_egg":23}},"DataVersion":3465}