{"stats":{"minecraft:killed_by":{"undead_revamp2:the_moonflower":1},"minecraft:custom":{"minecraft:time_since_rest":5667,"minecraft:open_chest":3,"minecraft:play_time":6977,"minecraft:sprint_one_cm":9322,"minecraft:walk_one_cm":12822,"minecraft:damage_taken":270,"minecraft:deaths":1,"minecraft:sneak_time":112,"minecraft:walk_under_water_one_cm":2008,"minecraft:jump":38,"minecraft:damage_dealt":22,"minecraft:time_since_death":5515,"minecraft:walk_on_water_one_cm":512,"minecraft:total_world_time":6977,"minecraft:climb_one_cm":577,"minecraft:swim_one_cm":6267,"minecraft:fall_one_cm":482,"minecraft:fly_one_cm":178588},"minecraft:picked_up":{"luminousworld:groundpebbles_1":1,"minecraft:rotten_flesh":3,"minecraft:dandelion":1,"undead_revamp2:arapholia":2,"minecraft:dirt":12},"minecraft:used":{"alexsmobs:animal_dictionary":1}},"DataVersion":3465}